序号,Unit,单词,真题词频,完整释义（保留红色）,标红释义
1,1,pioneer,0,n.先驱，倡导者，开拓者v倡导;开创，当开拓者，当先锋,先驱；倡导；开创
2,1,pipe,0,n.烟斗，管子，管道，笛子,管子；管道
3,1,pirate,0,n.海盗；咨印者，盗版者，侵犯专利权者vt.盗印，资版，掠夺，翻印,盗版者
4,1,pistol,0,n.手枪,手枪
5,1,pit,0,n.坑，陷阱，煤矿，矿井,坑；陷阱
6,1,pitch,0,n.（（体育)运动场地;音调，音高，推销说辞，沥青,推销
7,1,plagiarism,0,n.抄袭，绅窃，蔓窗作品,抄袭；惠窃作品
8,1,plague,0,n.癌疫，灾害v折磨，困扰，纠缠,灾害；折磨；困扰
9,1,plain,0,adj.明白的，易懂的，朴素的，平常的，坦率的，平凡的，普通的n.平原，旷野,平凡的；平原
10,1,planet,0,n.行星,行星
11,1,plant,0,n.植物，人花草;工厂;装置，设备vt.种植，栽种，灌输（某思想等),植物；工厂；种植；栽种
12,1,plantation,0,n.种植园,种植园
13,1,lay,0,v.放置，搁;下（蛋);铺设，砌（砖)adj.外行的，非专业的,放置；搁；外行的；非专业的
14,1,layer,0,n.层，表层，层次，阶层,层；层次
15,1,layman,0,n.外行，（（基督教中的)平信徒，在俗教徒（非神职人员)，俗人,外行
16,1,layout,0,n.布局，陈设,布局
17,1,marathon,0,n.马拉松赛跑;马拉松式的活动（或工作),马拉松赛跑
18,1,marble,0,n.大理石，云石【解】n.理智,理智
19,1,march,0,v（（使)行军，（（使)行进，把…带走，人迫使…到（（某处)n.行军，行程,(使)行进
20,1,marine,0,adj.海的，海生的;船舶的，航海的,海的；海生的
21,1,marital,0,adj.婚姻的，夫妻关系的,婚姻的
22,1,married,0,adj.(be)（to)与…结婚的;已婚的，夫妇的,已婚的
23,1,mark,0,n.痕迹，斑点;记号，符号;(考试等的)分数vt.批改，打分;标明，做记号,记号；分数；打分；做记号
24,1,marvelous / marvellous,0,adj.惊人的，奇迹般的，奇妙的,惊人的；奇迹般的
25,1,Marxist,0,adj.马克思主义的nm.马克思主义者,马克思主义的；马克忆主义者
26,1,mask,0,n.面具，面尝；假面具，伪装【解】vt.掩盖,面具；面巡；伪装；掩盖
27,1,naval,0,adj.海军的，军舰的,海军的
28,1,navigation,0,"航海，导航,领航",导航；领航
29,1,navy,0,n.海军,海军
30,1,nearby,0,adj.附近的adv在附近prep.在…附近,
31,1,nearly,0,adv.几乎，差不多，亲密地，秘密地,几乎；差不多
32,1,neat,0,adj.整洁的，干净的;优美的，精致的,整洁的；干净的
33,1,necklace,0,n.项链,项链
34,1,needle,0,n.针，指针，针状物【解】n.愤怒，敌意（尤指在竞争中)v.激怒,愤怒；收意
35,1,neighborhood,0,n.四邻，街坊;区域，街道,街坊；区域；街道
36,1,queer,0,adj.奇怪的，古怪的,奇怪的；古怪的
37,1,query,0,n.疑问，询问v怀疑，表示疑虑，提问，询问,疑问；询问
38,1,queue,0,n.（（排队等候的)一队人，一行列车v排队（（等候),一队人
39,1,quiver,0,v/n.颤抖，抖动,赢拌；抖动
40,1,quiz,0,n.测验，考查，问答比赛,测验；问答比赛
41,1,quota,0,n.配额，定额，（人或事物的)最高限额,配额；定额；最高限额
42,1,recall,0,v.回忆，回想，收回，召回nm记忆力，记性;收回，召回（令),回想；收回；记忆力；召回（令)
43,1,recollect,0,v.回忆，想起,回忆；想起
44,1,reconcile,0,vt.使和解，使和好，调停，调解，使一致,使和解；使一致
45,1,recur,0,\i复发，重现，再来，回想,重现
46,1,recreation,0,"ni马乐,消道",娱乐
47,1,recycle,0,vt.使再循环，反复利用，整修，改建nm.再循环，再生，重复利用,使再循环；反复利用
48,1,rectify,0,"纠正，改正，矫正,调整,六上E",纠正；矫正
49,1,redundant,0,adj.多余的，冗长的，累赘的，过剩的，后备的,多剑的；过剩的
50,1,reed,0,n.芦苇，革从，筑片,芦苇；簧片
51,1,reel,0,n.卷简，线轴vt.卷，绕【解】v.跟踊，中勋,跟嗓；蹦勋
52,1,sheer,0,adj.完全的，十足的，陡峭的，垂直的,完全的；陡峭的
53,1,sheet,0,n.被单，（（一)张，（一)片，沙片,(一)张；落片
54,1,shepherd,0,"牧民,牧羊人v带领,护送",带领
55,1,shrewd,0,adj.机灵的，敏锐的，精明的,敏锐的；精明的
56,1,shrink,0,vt(shrank/shrunk，shrunk)(使)起皱，收缩，缩水，(使)(数量、体积或价值)减少，缩小，（（尤指因恐惧而)月缩，退缩n.精神病学家，心理学家,收缩；减少；缩小
57,1,shut,0,vt.关，关闭,关闭
58,1,shutter,0,n.百叶窗，（（照相机)快门,快门
59,1,shuttle,0,v.穿梭往返n.往返汽车（列车、飞机）；梭子,往返汽车（列车、飞机)
60,1,shy,0,adj.怕羞的，采膜的，胆导的，易受惊的,怕羞的；须腹的；胆必的
61,1,theatre / theater,0,n.戏剧，戏院，阶梯教室,戏剧；戏院
62,1,theft,0,n.人偷窃，失窃,偷窃
63,1,thermal,0,adj.热的，由热造成的，温暖的，保肯的，与温度相关的,保暖的
64,1,thermometer,0,n.温度计，体温计,温度计
65,1,thesis,0,n.论文，论题，论点,论文；论题
66,1,thick,0,adj.厚的，稠的，浓的adv厚厚地，浓浓地，密集地,厚的；浓的
67,1,thigh,0,n.大腿，股,大腿
68,1,thorn,0,n.刺，划棘，使人生气（或苦恼)的事（或人),刺；莉束
69,1,thousand,0,pron.一千，一干个,=于
70,1,via,0,prep.经，通过,通过
71,1,viable,0,adj.可实施的，切实可行的，（生物等)能独立生存的，可生长发育的,可实施的；切实可行的；能独立生存的
72,1,vibrate,0,v（（使)振动，（使)摆动;回荡，共鸣,（使)振动；(使)摆动
73,1,vicinity,0,n.邻近，附近,邻近；附近
74,1,video,0,n.电视，视频，录像adj.电视的，视频的，录像的,视频；录像
75,1,violate,0,\必违反，违背，违犯，侵犯，打扰,违反；违背；侵犯
76,2,shabby,0,adj.低劣的，插鄙的，下流的;破旧的，衣衫祠袜的,插吕的；破旧的
77,2,shaft,0,n.轴，杆状物v亏待，菊骗（尤指骗钱),亏待；欺骗
78,2,shake,0,n.摇动，摇晃，v(shook，shaken)摇动，摇晃，震动，颤抖,摇动；颤抖
79,2,shallow,0,adj.浅的，浅薄的,浅的；浅薄的
80,2,shame,0,n.盖耻，关愧，耻夺，可下的人（或事)，憾事vt.使关愧，使丢脸,羞耻；耻辱；居事
81,2,shampoo,0,n.洗发衣，香波，洗发，洗头洲洗发江,洗发膏
82,2,shatter,0,v.打碎，使散开;粉碎，破坏n.碎片;落花（叶、粒),粉碎
83,2,shave,0,vt.剃，刮，刨，削。n.剃，刮【解】v.削减，降低,削减；降低
84,2,shear,0,vv前，修剪;剥夺(of)，削减,剥夺
85,2,shed,0,"vt.(shed，shed)流;发出，散发，去除，摆脱，(叶、交等)脱落,脱毛，昱皮",发出；散发；去除
86,2,terrible,0,adj.很糟的，极坏的，可怕的，骇人的，极度的，厉害的,很糟的；可怕的
87,2,terrific,0,adj.极好的，非常的，极度的，很强的，很大的，很多的,极好的
88,2,terrify,0,v.使害怕，使惊吓,使害怕；使惊吓
89,2,territory,0,n.领土，版图领域，范围,领土；领域
90,2,terror,0,n.恐怖，恺惧；可怕的人（（事),恐惧；可怕的人（（事)
91,2,textile,0,n.纺织品,纺织品
92,2,texture,0,n.（物体表面、或物质的)质地，外观，（（皮肤)肌理，（（织物的)疏密，松紧，气质，性格，本质，特征,质地；气质
93,2,wash,0,v.洗，洗涤，（（海水或河流)流动，冲刷,洗；洗涤；流动
94,2,waste,0,vv浪费，使荒芜adj.无用的，废弃的，匾范的_n.浪费，废物,浪费；匾范的；废物
95,2,watch,0,"vv观看，注视，看守，监视，(for)疯视,等待_n.表:;看管，监视",观看；注视；表；看管
96,2,ahead,0,adv.在前，向前，提前,在前；向前；提前
97,2,air-conditioning,0,n.空气调节系统，空调,空气调节系统；空调
98,2,aircraft,0,n.航空器，飞机,航空器；飞机
99,2,aisle,0,"nm.通道,走认,过道",通道；过道
100,2,alert,0,adj.警惕的，留神的，活泼的，敏捷的n.警戒状态，和警戒期间,警惕的
101,2,align,0,使成一条直线，对准;校直;便-致,使一致
102,2,alike,0,adj.相同的，相像的adv同样地，一视同仁地,相同的；相像的；同样地
103,2,alive,0,adj.活着的（表语形容词);活跃的，热闹的,活着的
104,2,algorithm,0,n.（（尤指电脑程序)算法，运算法则,算法
105,2,cheat,0,v.坎骗，作弊,欺骗；作弊
106,2,cheque / check,0,n.支票,支票
107,2,chest,0,n.胸腔，胸部，箱，柜,胸腔；胸部
108,2,chew,0,v.嚼，咀嚼;沉思，考虑（忠告、意见等),咀嚼；沉思；考虑
109,2,chief,0,n.首领，领袖adj.主要的，首要的,首领；领袖；主要的；首要的
110,2,childhood,0,n.幼年，童年,幼年；童年
111,2,chill,0,n.寒冷，寒气，寒闸vv（使)寒冷，（使)变凉,寒冷；（使)寒冷
112,2,chorus,0,n.合唱队，歌幼队，合唱;齐声说或喊的内容,合唱队；合唱
113,2,chronic,0,adj.（疾病)慢性的，（人)长期患病的;长期的，积习难改的，[英口]坏的，严重的,慢性的；长期的
114,2,chunk,0,n.厚块，大块，厚片;大量;大部分,大量；大部分
115,2,pin,0,n.大头针，别针vv(pinned，pinning)别住，钉住,别针；钉住
116,2,pinch,0,v.使紧缺，节约;使不舒服，使为难，捏，拧，夹n.捍，拧，夹，（一)撮，少量,使紧缺；少量
117,2,pint,0,n.品脱（液量单位，为/8加仑),品脱
118,2,delegate,0,n.代表v挑选或委派某人作代表；授权给,代表；授权给
119,2,delete,0,v.避删除,删除
120,2,delicious,0,adj.美味的，令人愉快的,美味的；令人愉快的
121,2,delight,0,n.高兴，快乐，乐事，乐趣v使高兴，使快乐,高兴；快乐；使高兴；使快乐
122,2,elect,0,"尼选举，推才;选择,决定",选举；推选
123,2,electric,0,adj.电的，导电的，电动的,电的；电动的
124,2,electrical,0,adj.电的，电学的,电的
125,2,electrician,0,n.电学家，电工,电工
126,2,elevate,0,vt.举起，提高，抬起，使情绪高晶,提高；使情绪高昂
127,2,elevator,0,n.电梯，升降机【解】n.粮仓,电梯；粮仓
128,2,eligible,0,adj.符合条件的，合格的,符合条件的；合格的
129,2,eloquent,0,adj.雄辩的，口才流利的，有说服力的,雄辩的；有说服力的
130,2,embark,0,vv上船(或飞机、汽车等);(on，upon)从事，着手，开始工作,从事；着手；开始工作
131,2,embarrass,0,vt.使窘迫，使局促不安,使窘迫；使局促不安
132,2,emigrate,0,v.移居外国（（或外地区),移居外国（或外地区)
133,2,emit,0,vt.发出，散发（光、热、电、声音、液体、气味等)，发射（电子),发出；散发
134,2,empire,0,n.帝国,帝国
135,2,empirical,0,adj.以观察或实验为依据的，经验主义的,以观察或实验为依据的；经验主义的
136,2,empty,0,adj.空的，空洞的，空虚的把…腾出来，倒空,空的；空洞的；空虚的
137,2,empathy,0,n.同感，共鸣，同情,同感；共鸣；同情
138,2,fee,0,n.学费，会费，酬金,学费；会费
139,2,feeble,0,adj.虚弱的，无力的，软弱的，无效的,虚弱的；无力的；无效的
140,2,grief,0,n.忧伤，悲伤，伤心事,悲伤；伤心事
141,2,grieve,0,v（（使)悲伤，（使)伤心,（使)悲伤；（使)伤心
142,2,grin,0,v.露齿而笑，虽着嘴笑，露齿笑着表示（某事)n.露齿笑,露齿而笑；虽着嘴笑；露齿笑
143,2,grind,0,v.磨，磨碎，碾碎;苦心地教（或学),磨碎；苦心地教（或学)
144,2,office,0,n.办公室，办事处，职务，人公职，部，局，处,办公室；办事处；职务
145,2,officer,0,n.官员，办事员，军官,官员；军官
146,2,official,0,n.官员，行政官员adj.官方的，正式的，公务的,官员；官方的；公务的
147,3,beg,0,vv乞求，乞讨，请求，野求,乞求；奶求
148,3,behind,0,prep.在…后面，落后于adv在后，面向后,在…后面；落后于；在后
149,3,being,0,n.生物，人；生存，存在，身心，思想感情，本性,生物；存在
150,3,all,0,adj.所有的，全部的pron.一切，全部adv完全，全部,所有的；全部的；全部；完全
151,3,allege,0,vt.断言，宣称，状解,断言；宣称
152,3,allegiance,0,n.（对政党、宗教、统治者的)忠诚，效忠，拥戴,忠诚；效忠；拥戴
153,3,alleviate,0,vt.使痛苦等)易于忍受，减轻，绥和,减轻；缓和
154,3,alliance,0,n.联盟，同盟，联姻,联盟；同盟
155,3,allowance,0,n.津贴，补贴，雯用钱,津贴；补贴
156,3,alloy,0,n.合金,合金
157,3,ally,0,n.同盟国，同盟者;支持者v（with)使结盟,同盟者；支持者
158,3,alone,0,adj.单独的，独自的，独一无二的（表语形容词，只能置于连系动词后，不能置于名词前)adv.仅仅，只;单独地，独自,单独的；独自的；仅仅；只；单独地；独自
159,3,along,0,prep.沿着，顺着adv.向前,沿着；顺着
160,3,alongside,0,adv.并肩地，并排地prep.在…旁边，横靠，与…并肩,与…并遍
161,3,alphabet,0,n.字母表,字母表
162,3,denounce,0,vt.（向当局)告发某人，谴责，指责，宣布退出（条约等),告发某人；谴责
163,3,dense,0,adj.密集的，浓的，愚蠢的,密集的
164,3,density,0,"密集，密度,洲度",密度
165,3,fellow,0,n.人人，家伙;伙伴，同事adj.同样的，同类的,人；家伙；伙伴；同类的
166,3,fellowship,0,n.伙伴关系，友谊；联谊会，团体,友谊；团体
167,3,female,0,adj.女（性)的;母的，肉的,女性)的；母的；肉的
168,3,feminine,0,adj.女性的，有女性气质的，（（语)阴性的,女性的；有女性气质的
169,3,fence,0,n.篱笛，围栏，击剑v击剑【解】v（一with)回避,击剑；回避
170,3,ferry,0,n.渡船v渡运（人、车或物等),渡船；渡运
171,3,fetch,0,v.取来，接来【解】v.售得（某价钱),取来；接来；售得
172,3,feudal,0,adj.封建的,封建的
173,3,fever,0,nn发热，发谋;泪项,发烧；狂热
174,3,heave,0,v（用力)举起，提升，扔（尤指重物)，（口中用力)发出（声音);起伏，升降nmn.举，提，拖，拉，扎,（用力)举起；扔
175,3,heaven,0,n.天堂，天空，上帝,天堂；天空
176,3,heavy,0,adj.重的，重型的，大量的，多的;心情沉重的，郁闽的,重的；重型的；心情沉重的
177,3,indoor,0,adj.室内的，户内的,室内的；户内的
178,3,induce,0,vt.引诱，劝导;引起，导致,引起；导致
179,3,indulge,0,v.放纵自己（或某人)；容许或迁就（某人)做某事，满足，让自己尽情享受某事物,放纵自己（或某人)；容许或迁就（某人)做某事
180,3,kin,0,n.家属，亲威，家族。adj.有亲属关系的，性质类似的，同类的,家属；亲戚；家族
181,3,kindness,0,n.仁慈，亲切，好意，友好行为,仁慈；亲切；好意
182,3,king,0,n.君主，国王,君主；国王
183,3,kingdom,0,n.王国，领域【解】n.（动物、植物、矿物)界,王国；动物、植物、矿物)界
184,3,kit,0,n.成套工具，用具包，工具箱vt.给某人装备,成套工具
185,3,mat,0,n.席子，垫子【解】n.一团，一簇vv编织;缠结。adj.无光泽的;不光亮的，亚光的,肆子；一团；一簇
186,3,match,0,n.比（竞)赛;对（（政)手，相配的人或物v匹配，相配，相称,比（竟)赛；相配的人或物；匹配；相配
187,3,may,0,vv可能，也许，可以;神，愿,可能；也许；可以
188,3,mayor,0,n.市长,市长
189,3,nest,0,n.窝，梨v筑梨,窝，巢
190,3,net,0,n.网，网状物vt.用网捕，使落网adj.净的，纯净的【解】v.净得，净赚,网；网状物；净的；纯净的；v.净得，净赚
191,3,network,0,"网状物，网络，网状系统，电视网,广播网",网状物；网络；电视网；广播网
192,3,neutral,0,adj.中立的，中性的，中和的,中立的；中性的
193,3,new,0,adj.新的，(to)不熟悉的，没有经验的，尚未习惯于,新的；不熟悉的
194,3,omit,0,vt.省略，删除，遗漏，忘记,省略；遗漏
195,3,opaque,0,adj.不透明的，临涩的，难理解的,不透明的；难理解的
196,3,opt,0,v.决定做;决定某事物，选择某事物,选择某事物
197,3,optical,0,adj.眼的，视力的;光学的,视力的
198,3,plaster,0,n.灰泥，（熟)石膏v抹灰，粉饰，粘贴，涂抹,
199,3,plastic,0,n.（常pl.)塑料，塑料制品adj.可塑的，塑料的,塑料；塑料的
200,3,plate,0,n.金属板，沙片，盘子，版，印版vt.镀，电镀【解】n.板块,盘子；板块
201,3,plateau,0,n.高原，稳定期，停滞期保持稳定水平，处于停清状态,稳定期；停滞期；保持稳定水平
202,3,platform,0,n.平台，台;站台，月台;政纲，党纲,平台；站人台；月台
203,3,play,0,n.游戏，比赛，剧本，戏剧活动，作用v演奏，起作用,游戏；剧本；戏剧；演奏；起作用
204,3,refine,0,v.提炼，[喻]改进，使变得完善（或精妙),提炼；改进；使变得完善
205,3,refrain,0,vi.节制，避免，制止mn.反复说的话，副歌,避免；反复说的话
206,3,refuge,0,n.避难，庇护，吉难所，收容所;庇护者,避难；庇护；避难所；收容所
207,3,refugee,0,n.难民，避难者，流亡者,难民；避难者
208,3,refund,0,vt.退还，偿还nm.归还，偿还额，退款,退还；退款
209,3,refusal,0,n.拒绝，回绝,拒绝；回绝
210,3,refuse,0,vt.拒绝，回绝n.垃圾，废弃物,拒绝；废弃物
211,3,circle,0,n.圆，圆周，周期，循环，圈子，界【解】n.阶层vt.环行，盘旋,圈子；阶层；环行；盘旋
212,3,circuit,0,n.环行，周线，巡回，电路，线路【解】n.巡回审判,电路；巡回审判
213,3,circular,0,adj.圆（形)的，环形的，循环的nm.传单，通报,循环的
214,3,circulate,0,v（（使)循环，（（使)流通【解】v(报刊等)发行,（使)循环；发行
215,3,citizen,0,n.公民，市民,公民
216,3,civil,0,adj.公民的，市民的，民事的，民法的，有礼犁的，文明的，文职的,公民的；有礼角的；文明的
217,3,civilian,0,n.平民，百姓,平民；百姓
218,3,civilise / -ize,0,vt.使文明，开化,使文明；开化
219,3,civilisation / -zation,0,"n.文明文化【解】n.文明阶段，文明社会,文明国家",文明；文明阶段；文明社会；文明国家
220,3,goat,0,n.山羊,山羊
221,3,gold,0,n.黄金，金币adj.黄的，金制的,黄金；金制的
222,3,golden,0,adj.金子般的;金黄色的;贵重的，极好的,贵重的；极好的
223,3,grab,0,v(at)抓（住)，夺得n.(at)抓仁，掠夺,抓（住7；夺得
224,3,grace,0,nm风度，优美，情理，宽限;册典,风度；优美
225,3,graceful,0,adj.优美的，文雅的,优美的
226,3,gracious,0,adj.（人或行为)（尤指对社会地位较低者)和欧的，慈祥的，有礼瑶的，宽厚的，（常用于名词前)富贵安逸的，优裕的，舒适的,和蕊的；慈祥的
227,4,chat,0,n.vi.闲谈，聊天,聊天
228,4,chain,0,"n.链（条)；杀钞;一系列，连锁【解】n.连锁商店vt.,用链条挫住",链(条)；一系列；连锁商店；用链条挫住
229,4,chair,0,n.椅子，（会议)主席，主席席位【解】v.担任主席，主持,椅子；(会议)主席；担任主席；主持
230,4,man erson,0,n.主席，委员长，董事长,主席；委员长；董事长
231,4,chamber,0,n.房间，究室，议院,房间；议院
232,4,champagne,0,n.香槟酒，香核色,香槟酒
233,4,champion,0,n.冠军，拥护者【解】v.捍卫，拥护,捍卫；拥护
234,4,chancellor,0,n.（（某些大学的)名誉校长，（（政府的)官员，大臣【解】n.法官,官员；大臣；法官
235,4,chaos,0,n.混乱，率乱,率乱
236,4,chapter,0,n.（（书籍的)章（节)，回,章（节)
237,4,charity,0,n.慈善（团体)，仁芝，施含,慈善（团体)
238,4,chart,0,v.记录，跟踪（进展或变化);（制订)行动计划;绘制…的地图（海图),图表
239,4,charter,0,vt.租船，租车nmn.帘章,宪章
240,4,deck,0,n.甲板【解】v[一sb/sth(out)]装饰……,
241,4,declaration,0,n.宣言，宣布，公告，正式声明;申报（单),宣言；宣布；正式声明
242,4,declare,0,v.宣布，宣告，声明；断言，宣称,宣布；断言；宣称
243,4,deed,0,n.行为，行动，契约，证书,行为
244,4,default,0,n.违约（尤指未偿付债务)，默认值，系统设定值，预置值V违约，不履行义务（尤指不偿还债务),默认值；系统设定值
245,4,defeat,0,n./vt.战胜，击败,战胜；击败
246,4,defer,0,"vv延期,推R",延期；推迟
247,4,defect,0,n.缺点，缺陷,缺陷
248,4,deficiency,0,n.缺乏，不足;缺陷,缺乏；缺陷
249,4,deficit,0,n.(in)赤字，亏空,赤字；气空
250,4,degenerate,0,vi(into)衰退，嘻落，退化adj.蚌落的，英废的n.蝴落者,衰退；堕落的；预废的
251,4,either,0,adj.（两者之中)任一的，任何一个的pron.(两者之中)任何一个adv（用于否定句)也conj.或者,任一的；任何一个；也
252,4,eject,0,喷射，排出，驱逐,驱逐
253,4,elapse,0,vi.（（指时间)过去，消远,消逝
254,4,elastic,0,adj.弹性的n.松紧带，橡皮圈,弹性的；松紧带
255,4,elbow,0,n.肘，肘部vt.用肘挤,用肘挤
256,4,feasible,0,adj.可行的，合理的，可用的,可行的；可用的
257,4,feast,0,n.宴会;节日v宴请，款待,宴会；节日；款待
258,4,feat,0,n.伟绩，伟业adj.灵巧的，漂亮的，整洁的，合适的,伟绩
259,4,feather,0,n.羽毛,羽毛
260,4,glide,0,n./vi.渔，滑行,滑行
261,4,gloomy,0,adj.阴沉的，阴暗的;令人肖表的，抑郁的,令人肖丧的；抑郁的
262,4,glory,0,n.光荣，荣誉,光荣；荣誉
263,4,glorious,0,adj.壮丽的，瘤煌的，光荣的,壮丽的
264,4,glue,0,n.胶，胶水v胶合，粘贴,胶；胶水
265,4,headline,0,n.大字标题,大字标题
266,4,headquarters,0,n.司令部，指挥部，总部，总局,司令部；指挥部；总部
267,4,hearing,0,n.听力，上听觉，审讯【解】n.听证会,听力；审讯；听证会
268,4,heart,0,n.心，心脏，中心，要点;内心，心肠,心脏；中心；内心
269,4,heat,0,n.热，高温，热烈，激烈v(up)（使)变暖，〔（使)变热，加热,
270,4,member,0,n.成员，会员,成员；会员
271,4,membership,0,n.会员资格，全体成员,会员资格；全体成员
272,4,menace,0,n.威胁，危险物vt恐吓，危及，威胁,威胁；危险物
273,4,mend,0,v.修理，修补，改善，改进，改正【解】v.康复,修理，修补；康复
274,4,persecute,0,\避虐待，残害，迫害，了骚扰，纠缠，为…找麻烦,迫害；骚扰
275,4,persevere,0,vi.坚持，忍耐，百折不回，不届不挠，支撑,坚持
276,4,persist,0,v(in)坚持;持续,坚持；持续
277,4,persuade,0,vt.说服，劝说;使相信,说服；劝说；使相信
278,4,persuasion,0,n.说服，说服力,说服
279,4,pest,0,n.害虫，讨厌的人或物),害虫；讨厌的人(或物)
280,4,petrol,0,n.汽油,
281,4,petroleum,0,n.石油,石油
282,4,petty,0,adj.小的，珊碎的;气量小的,琐碎的
283,4,pharmacy,0,n.药剂学，配药业，制药业，药房,制药业
284,4,phone,0,n.电话，电话机vv（给…)打电话,电话；打电话
285,4,pile,0,n.（较整齐的)一堆，一登;一大堆，大量（v.堆，登，堆积，拥，挤,一堆；大量；堆；拥；挤
286,4,pilgrim,0,n.圣地朝拜着，朝圣vv朝山进香，朝圣，流浪,圣地朝拜者
287,4,pill,0,n.药丸，药片，讨厌的人,药丸；药片
288,4,pillar,0,n.柱，台柱，栋梁,柱；栋梁
289,4,pilot,0,n.飞行员，驾驶员，领航员，舵手。vt.驾驶，带领，领导，使顺利通过,飞行员；驾驶
290,4,quarrel,0,vi(about，over)争吵，争论nm争吵，口角,争吵
291,4,quart,0,n.夸脱（（液体或固体的容积单位),夸脱
292,4,quarter,0,"n.四分之一，四等分，季，季度，方向，地区,方面【解】n.群体，团体",四分之一；季度；方向；和群体，团体
293,4,quarantine,0,n.(为预防传染的)隔离期;检疫v（对动物或人)进行检疫;隔离,隔离期；进行检疫；隔离
294,4,slip,0,v.滑倒，滑落，失足;溜走，悄悄地走，失掉，错过；下降，下跌，变坏,滑倒；纸条
295,4,slipper,0,n.拖鞋，便鞋,拖鞋
296,4,slippery,0,adj.滑的，滑溜的，要小心对待的，圆滑的，不可靠的,滑的；不可靠的
297,4,slogan,0,n.标语，口号,标语；口号
298,4,slope,0,"v.顾斜，有坡度nm登坡，坡地;倾斜，斜度,坡度",倾斜；斜坡
299,4,slot,0,n.罕颖，投币口，插槽，时间段，空位vt.放入狭终，揪入;(in，into)安排，放置,窗颖；投币口；播入
300,4,slum,0,n.贫民写，贫民区，陋埠,贫民窟；贫民区
301,4,slump,0,v(单独使用的动词)(价格、价值、数量等)又降，猛跌，锐减;重重地坐下(或倒下)nm.(销售量、价格、价值等的)骤降，猛跌，锐减;萧条期，衰退,猛跌；萧条期
302,4,sly,0,adj.获猎的，狼诈的,儿儿的；狼诈的
303,4,smash,0,n./v.打碎，打破，扒毁,打碎
304,4,smog,0,n.烟雾,烟雾
305,4,smooth,0,adj.平滑的，光滑的;平稳的，平静的，流畅的，平和的，安详的v弄平，使平滑；铺平（道路);去掉（了障碍、困难等);缓和，减轻,流畅的；使平滑；去掉
306,4,smuggle,0,v.走私，偷运,走私
307,4,bear,0,n.驴v（bore，borne/born)忍受，容忍，负担，负荷，结果实，生子女【解】v.带有,能；忍受；负担；生子女；带有
308,4,beard,0,n.胡须,胡须
309,4,bearing,0,.(sing.)举止，风度;关系;影响;方位;方向角，方位角,举止；风度；关系；影响；方位
310,4,rap,0,v（（轻快的)台击，急敲，；责备或训斥（某人)n.胡击声，急敲声，（（对某人的)责备或训斥，监禁，处罚,殴击声；处罚
311,4,rape,0,n./vt.掠夺;强奸,掠夺；强奸
312,4,rapid,0,adj.快的，急速的nm.急流，消流,快的；急速的
313,4,rash,0,adj.轻率的，匆忙的，和鲁匡的_n.(of)突然大量出现的事物，皮疹，疹子,轻率的；和鲁磊的
314,4,raw,0,adj.生的，未加工的，未经训练的，没经验的,未加工的
315,4,ray,0,n.光线，射线，一线（和希望)，一点点,光线；射线
316,4,reader,0,"n,读者，读书的人，读物，课本，电子阅读器，电子识读卡，准教授",读者；电子阅读器
317,4,reading,0,n.读牺，读数，仪表指示数,读物
318,4,readily,0,adv.快捷地，便利地，容易地;乐意地，欣然地,容易地；乐意地；欣然地
319,4,realm,0,n.王国，国度，领域，范围,领域；范围
320,4,reap,0,v.收割，收获，获得，得到,收割；收获；获得
321,4,rear,0,n.后部，后边，背部adj.后部的，后面的，背部的,后部；后部的；后面的；抚养；饲养
322,5,bend,0,v(bent，bent)使弯曲，届从，届服n.弯曲（处)，曲折处,使弯曲；弯曲（处)
323,5,beneath,0,prep.在…下边，在…之下adv在下方,在…下边；在…之下
324,5,beside,0,prep.在…旁边，在…附近；与…相比,在…旁边
325,5,besides,0,prep.除了…之外adv而且，还有,除了…之外；而且
326,5,amplify,0,vt.放大，增强【解】v.进一步叙述,放大；进一步叙述
327,5,analog ue,0,n.类似物，相似物adj.模拟的，（（钟表)指针式的,相似物；模拟的
328,5,analogy,0,n.类比，相似,类比
329,5,analyse / -yze,0,vt.分解，分析,分析
330,5,analysis,0,n.分析，分解,分析
331,5,analytic al,0,adj.分析的，分解的,分析的
332,5,inertia,0,n.不活动，惰性，惯性,惯性
333,5,infant,0,n.婴儿，幼儿adj.供婴幼儿用的;初期的，初创期的,要儿；供婴幼儿用的
334,5,infect,0,vt.传染，感染，用坏思想感染（某人的思想);用快乐的、好的思想感情感染（某人的心灵),传染；感染
335,5,infectious,0,adj.传染的，传染性的,传染的；传染性的
336,5,infinite,0,adj.无限的，无穷的,无限的；无穷的
337,5,inflation,0,n.通货膨胀,通货膨胀
338,5,inflict,0,Vv(on/uponsb/sth)使遭受打击，使吃苦头,使遭受打击
339,5,infrared,0,adj.红外线的,红外线的
340,5,infrastructure,0,n.（国家或机构的)基础设施，基础建设,基础设施；基础建设
341,5,knee,0,n.膝，膝羡,膝盖
342,5,kneel,0,vi.跪，跪下,跪下
343,5,knob,0,n.门把，（球形)把手，旋钮,把手；旋钮
344,5,knot,0,n.（绳)结，（树)节；节（=海里/小时)vt.打结,（强)结
345,5,knowledge,0,n.知识，学问，知道，了解,知识；学问；了解
346,5,leaf,0,n.叶子，（书刊的)一页，一张，金属薄片,叶子；一页
347,5,leaflet,0,n.小叶，嫩时，传单，活页,传单
348,5,league,0,n.同盟，联盟，联合会，联赛，级别;水平;里格（长度单位，约3英里),联盟；联赛；里格
349,5,leak,0,".漏洞，裂终，漏出物，油露，透露v漏，渗，油右消息,走漏",泄露；走漏
350,5,lean,0,adj.瘦的，少脂肪的，无脂肪的，贫兰的;收益少的，质量低劣的v斜，倾斜，届身，靠，倚;有倾向（或偏向)【解】adj.少量的,瘦的；无脂肪的；靠；倚；少量的
351,5,leap,0,n./v.跳跃【解】n.激增,跳妈；激增
352,5,lease,0,n.租借，租约，租期vt.出租，租出，租得,租约；出租
353,5,leather,0,n.皮革，皮革制品,皮革；皮革制品
354,5,mechanic,0,n.技工，机修工【解】n.力学，机械学,技工；力学；机械学
355,5,mechanical,0,adj.机械的，机械似的，呆板的,机械的；呆板的
356,5,mechanism,0,n.机械装置，机构，机制【解】n.方法,机制；方法
357,5,nickname,0,绰号此给…超绩号,绰号
358,5,nightmare,0,n.梦厦，避梦，可怕的事物,恒梦；可怕的事物
359,5,nominal,0,adj.名义上的，有名无实的，（（余额、租金)微不足道的，象征性的,名义上的；象征性的
360,5,nominate,0,vt.提名，推荐，任命，指定,提名；推荐；任命
361,5,pleasure,0,n.愉快，快乐，乐事，乐趣,愉快；乐事
362,5,pledge,0,n.保证，拆言，上誓约，抵押，典押vt.许诺，保证，发拆，用…抵押，用…典押,保证；誓言
363,5,plentiful,0,adj.富裕的，丰富的,丰富的
364,5,pneumonia,0,n.肺炎,肺炎
365,5,pocket,0,n.衣袋，口乡，袋子，资金，财力，小块区域、小范围adj.袖珍的，小型的,口袋；小范围
366,5,poison,0,vt.放毒，毒害，毒死mn.毒物，毒药,放毒；毒害
367,5,poisonous,0,adj.有毒的，亚毒的，收恶的，讨厌的,有毒的；恶毒的
368,5,regard,0,n.注意，关心;尊敬，尊重；问候,看待；注视
369,5,regarding,0,prep.关于,关于
370,5,regardless,0,adj.不留心的，不注意的adv不顾（后果地),不注意的；不顾
371,5,regime,0,n.政体，制度,政体；制度
372,5,register,0,vt.登记，注册，（（仪表等)指示，自动记下，（（邮件)挂号mn.登记，注册,登记；注册
373,5,rehearse,0,v.排练，排沉，（（使)熟练掌握,排练；(使)熟练掌握
374,5,reign,0,v.当政，统治，盛行，支配n.统治，统治权，统治时期，支配，影响,当政；统治；统治时期
375,5,rein,0,n.疆绳，安全绳套，保护带控制，支配:拘束物v用缉绳勒马;控制，驾驭,控制
376,5,reinforce,0,v.必增援，加强,加强
377,5,simulate,0,此假装，冒序，模仿，扮沉;模所,模仿；模拟
378,5,simultaneous,0,adj.同时的，同时发生的,同时发生的
379,5,sin,0,n.罪，罪恶v犯过错,罪恶
380,5,sincere,0,adj.诚雪的，真实的，诚恳的,诚雪的；真实的；诚恳的
381,5,single,0,adj.单一的，单个的，单人的，未婚的，独身的【解】v.单独挑出,单一的；单个的；独身的；单独挑出
382,5,singular,0,adj.非凡的，卓越的，单数的,非凡的
383,5,sink,0,V(sank，sunk)（使)下沉，陷入（（某种状态)，使下沉，使下陷n.水槽，水池,(使)下沉
384,5,sip,0,v.小口地喝，呼茶，咀饮n.吸，哩,小口地喝
385,5,siren,0,n.警报声，警报器,警报器
386,5,thumb,0,n.拇指【解】v.快速翻阅,拇指；快速翻阅
387,5,thunder,0,n.雷（声)，和又隆声打雷，雷鸣，大声说，吼叫,雷（声)
388,5,tick,0,n.（（钟声等发出的)滴答声;（核对账目等时画的)记号（如钩号、点子等)v.发出滴答声，给…标记号,
389,5,ticket,0,n.票，入场券，标签，（（交通违章)罚款传票,票；入场券
390,5,wealth,0,n.财富，财产;大量,财富；财产
391,5,wealthy,0,adj.富裕的，丰富的,富裕的
392,5,weapon,0,n.武器，兵器,武器；兵器
393,5,weave,0,v.织，编，编制，编排，编造，组合，交织,织；编
394,5,web,0,n.网，师蛛网，周密的布置，圈套,网；圈套
395,5,wedge,0,n.模子，三角木!栋形物vt.攀入，攀牢；挤入，插入,模子；模形物
396,5,jungle,0,n.（热带)丛林，密林;尔广我诈的环境;危险地带,尔义我诈的环境；危险地带
397,5,junction,0,mn连接，接合，交叉点，接合处，汇侣处，枢纽站,汇合处
398,5,junior,0,adj.年少的，年幼的，等级较低的，资历较浅的，（（美国中学或大学)三年级的_n.年少者，低班生;下级，晚非，（美国中学或大学的)三年级学生,等级较低的；三年级学生
399,5,juvenile,0,adj.青少年的，幼稚的_n.青少年，少年读物,青少年的；青少年
400,5,junk,0,n.垃圾，质量低劣的东西v把（无用的东西)丢弃，废弃,垃圾；废弃
401,5,unload,0,v.印（（货)，和外下,印（货)
402,5,upper,0,adj.上面的，上部的，较高的,上部的；较高的
403,5,upright,0,adj.挺直的，垂直的;正直的，诚实的adv竖直地，挺直地,垂直的；竖直地
404,5,upstairs,0,adv.在楼上，往楼上,在楼上
405,5,upward,0,adv.向上，往上，……以上adj.向上的，上升的,向上；向上的；上升的
406,6,skate,0,vv溜冰，滑冰n冰鞋,滑冰；冰鞋
407,6,ski,0,mn雪机溃雪Vi滑雪,滑雪
408,6,skill,0,n.技巧，技艺，技术，技能,技术；技能
409,6,skilled,0,adj.有技能的，熟练的,有技能的；熟练的
410,6,skillful / skilful,0,adj.(in，at)灵巧的，娴熟的，熟练的,灵巧的；熟练的
411,6,skim,0,vt.（从液体的表面)撒去，掠过或探过（（某物的表面);略读，快读,略读
412,6,skin,0,"n.皮，皮肤;兽皮，皮毛；外皮，外壳vt,剥皮",皮；皮肤
413,6,skip,0,v.跳，蹦，很快地改变（话题、职业等)，跳读，遗漏n.跳跃，轻快的跳【解】v.略过，跳过,跳；略过；跳过
414,6,skull,0,n.颇骨，头骨，脑袋,颅骨；脑袋
415,6,skyscraper,0,n.摩天大楼,摩天大楼
416,6,slam,0,vt.酝地关上，秤地放下，狐力挟击，冲击nm.三，猛击，撞击,生地关上；猛击
417,6,slap,0,n./vt.拍，掌击,拍
418,6,slaughter,0,v/n.履宁，残杀，彻底击败,屠宰；彻底击败
419,6,sleeve,0,n.袖子,袖子
420,6,slender,0,adj.苗条的，修（细)长的;微薄的，不足的,苗条的；微薄的
421,6,slice,0,n.薄片，切片;部分，份vt.切,薄片；部分；切
422,6,slide,0,v(slid，slid)滑行，滑动，滑落，悄悄地走，徐徐而行n.滑行，滑动，滑落;涓道，滑梯;幻灯片,滑行；滑动
423,6,slight,0,adj.纤细的，瘦弱的;轻微的，微小的,轻微的；微小的
424,6,slim,0,adj.苗条的，薄的，微小的，不够大的V（用运动、节食等)减轻体重使体形苗条,薄的
425,6,climate,0,n.风气，社会思潮，气氛;气候,风气；气候
426,6,climax,0,n.顶点，高潮,高潮
427,6,climb,0,n.攀项，爬v现登，疏,攀登；双
428,6,clip,0,心剪，修剪;钳，夹住nm夹，钳，回形针【解】n.片段,剪，修剪；片段
429,6,cloak,0,n.外套，斗鞍v掩盖，掩饰,掩盖；掩饰
430,6,clockwise,0,adv/adj.顺时针方向地（的),顺时针方向地（的)
431,6,clone,0,n.无性繁殖，复制vt.（（使)无性繁殖，[比喻]复制,（使)无性繁殖；复制
432,6,descend,0,v.下来，下降,下来；下降
433,6,descendant,0,n.子孙，后代,后代
434,6,descent,0,n.降落，下降，血统，家世,下降；血统
435,6,desert,0,n.沙漠，不毛之地v抛弃，售弃,沙漠；抛弃
436,6,endow,0,必资助，捐助，使某人天生具有（任何好的品质或能力),资助；捐助
437,6,endure,0,vv忍受持久，持续,持续
438,6,endurance,0,n.恺耐（(力)，持久（力)，耐久（（性),忍耐(力)
439,6,graph,0,n.图表，曲线图,图表；曲线图
440,6,graphic,0,adj.生动的，书写的，绘画的，图示的【解】n.图表，图形,生动的；图表；图形
441,6,grateful,0,adj.(to，for)感激的，感谢的,感激的；感谢的
442,6,gratitude,0,"nm感激,感谢",感谢
443,6,grave,0,n.坟墓adj.严肃的，庄重的【解】n.死亡,严肃的；死亡
444,6,gravity,0,n.重力，引力，严肃，严重,重力；引力
445,6,graze,0,v（指牛、羊等)吃青草，放牧，擦破，磨探，蹦n.皮肤擦伤之处，擦伤,吃青草；放牧；探伤
446,6,grease,0,"n.油脂，动物脂vt,抹油，润滑，使便于通过",油脂；抹油
447,6,inhabit,0,vt.居住于，栖息于,居住于；栖息于
448,6,inhabitant,0,n.居民，住户，栖息的动物,居民；栖息的动物
449,6,inhale,0,v.吸入，吸气,吸入；吸气
450,6,inherent,0,adj.固有的，内在的，天生的,固有的；内在的；天生的
451,6,inherit,0,vt.继承,继承
452,6,inhibit,0,Vt.使某人不能做轻易可做的事，阻碍或抑制（某过程或行动),阻碍或抑制
453,6,medal,0,n.奖章，遇章，纪念章,奖章；勋章
454,6,medical,0,adj.医学的，医疗的，医药的，内科的,医学的；医疗的；内科的
455,6,medicine,0,n.内服药，医药，医术，医学,内服药；医学
456,6,medieval,0,adj.中世纪的，仿中世纪的;老式的，（贬)原始的,中世纪的
457,6,meet,0,达到（目标等)，符合（标准等),遇见；开会；迎接；满足
458,6,melody,0,n.曲调，歌曲，主调，主旋律,曲调；主旋律
459,6,melt,0,v（（使)融化，（（使)熔化，(使)淤解，(使)消散，(使)逐渐消失；(使)心软,（使)融化；（使)熔化
460,6,plight,0,n.昔难，困境vt.保证，约定,苦难；困境
461,6,plough / plow,0,n.犁;犁过的地，耕地v地)，耕（地)【解】v（一through)缓慢或费力地取得进展,犁(地)；缓慢或费力地取得进展
462,6,plug,0,n.塞子，栓;插头，插座v(plugged)堵塞，给…接通电源，连接,
463,6,plumber,0,n.水管工人,水管工人
464,6,plunge,0,v.猛地投入（或插入)，陷入，章受，狐冲，（（价格、温度等)狐跌，下降,猛地投入（或插入)；陷入
465,6,plural,0,adj.复数的_n.复数,复数的；复数
466,6,plus,0,prep.加上adj.正的，加的，（电)阳性的_n.加号，正号【解】n.优势,加上；优势
467,6,fiber / fibre,0,n.纤维，纤维质,纤维质
468,6,file,0,n.铀刀;文件，档案v键;存档，归档;提交，呈报【解】】vt.提出（申请),文件；档案；键；提交；提出
469,6,fill,0,v(with)充满，装满，填满，填塞，堵塞(洞、隙等)【解】v.担任,充满；装满；堵塞；担任
470,6,film,0,n.电影，胶卷，薄膜vv把…)拍成电影,电影；落膜
471,6,filter,0,n.滤器，滤纸v过滤【解】v(消息、信息、新闻等)慢慢传开,过滤；慢慢传开
472,6,relax,0,v（（使)松弛，放松,放松
473,6,relay,0,v.中继转播，转播，收到并传出（信息)，传递，转达n.接蔡的一组人，蔡换队;接力赛,传递；接力赛
474,6,release,0,vt.释放，释出;解除（义务、责任)，解脱，发布，发行,释放；发布；发行
475,6,relief,0,n.（（痛苦等)减轻，解除，援救，救济,减轻；救济
476,6,relieve,0,vt.缓解，解除，救济，救援，接蔡，蔡下,缓解
477,6,relish,0,n.（（美食等的)享受，乐趣，食欲，上胃口，意味，寓意vt.从某事物中获得乐趣，（of)有…的风味，品味，享受调味,享受；从某事物中获得乐趣
478,6,reluctant,0,adj.不情愿的，勉强的,不情愿的；勉强的
479,6,treasure,0,n.财宝，财富，珍品，珍藏品vt.珍爱，珍视，珍藏,财宝；财富
480,6,tremble,0,vi.发拌，闸拌，摇动，哆动,闸拌
481,6,tremendous,0,adj.巨大的，极大的,巨大的；极大的
482,6,trench,0,n.壕沟，战壕,战壕
483,6,usage,0,n.用法，惯用法,用法；惯用法
484,6,useful,0,adj.有用的，有益的,有用的；有益的
485,6,utmost,0,adj.最远的，极度的，极端的n.极限，极度，最大可能,极度的；极限；最大可能
486,6,bold,0,adj.勇敢的，冒失的，结实的，黑体的，粗体的,勇敢的
487,6,bolt,0,v.门（门)，关窗，栓住nm螺栓，（（门、窗的)插销【解】n.闪电,螺栓；闪电
488,6,bolster,0,v.改善，加强,改善；加强
489,6,bomb,0,n.炸弹vt又炸，投弹于,炸弹；率炸
490,6,bond,0,n.结合（物)，翻结（剂)，联结;公债，债券，契约【解】n.纽带,纽带
491,6,bone,0,n.骨（散),骨骼)
492,7,sick,0,adj.有病的，患病的;恶心的，想吐的,有病的；患病的
493,7,side,0,n.人侧面，旁边，一边;一方，一派;方面站在…的一边,侧面；旁边；一边；方面；站在…的一边
494,7,sideways,0,adv.侧身地，横着，斜着adj.斜向一边的,斜着；斜向一边的
495,7,siege,0,n./v.包围，围攻，说服，劝诱，长期折磨,包围；长期折磨
496,7,sigh,0,n.叹息，叹息声v叹息，改气,叹息；叹息声
497,7,sight,0,n.视力，视觉，望（警)见，视野，眼界，情景，奇观,视力；望(将)见；视野
498,7,sightseeing,0,n.观光，游览,观光；游览
499,7,silence,0,n.和寂静，沉默vt使沉默，使安静,寂静；沉默
500,7,silent,0,adj.农静的，无声的，沉默的,寂静的；沉默的
501,7,silicon,0,n.硅,硅
502,7,silly,0,adj.傻的，昌剧的，糊涂的,傻的；愚套的
503,7,silver,0,n.银;银器，银币vt.镀银【解】adj.银色的,银；银色的
504,7,thread,0,n.线，线状物，思绪，思路，螺纹，（（唱片的)纹，模vt.穿（针、线等);穿过，通过,线
505,7,threshold,0,n.门槛，入门，开端,门槛
506,7,throne,0,"王位,杂权",王位；君权
507,7,throw,0,v.扔，抛，投【解】v.使突然陷入,扔；投；使突然陷入
508,7,thrust,0,v（用力)推，刺，惟，插，挤mn.猛推，插，一刺，劲头，推动力【解】n.要点,推；刺；要点
509,7,unfold,0,vv展开，打开，展现，披露,展现
510,7,unfortunately,0,adv.不幸地,不幸地
511,7,uniform,0,adj.不变的，相同的，均匀的，统一的mn.制服，特种衣服,统一的；制服
512,7,unit,0,n.单位，单元，部件，元件，装置,单位；部件
513,7,unite,0,v.联合，团结，统一，合并,联合；团结；统一
514,7,unity,0,n.团结，统一，一致，和谐，整体,团结；统一
515,7,violet,0,n.紫罗兰，蓝紫色adj.野生紫罗兰色的，蓝紫色的,紫罗兰；野生紫罗兰色的
516,7,virgin,0,adj.纯净的，原始的，未开明的n.处女，未婚女子，童男,原始的；未开垦的
517,7,virus,0,n.病毒，（（精神、道德方面的)有害影响,病毒
518,7,vocal,0,adj.声音的，有声的;口头的;歌唱的nm.元音，声乐作品【解】adj.直言不讳的,直言不讳的
519,7,vocation,0,n.职业，行业,职业
520,7,voice,0,n.声音，嗓音；语态【解】n.意见vt.说出，表达,声音；嗓音；意见；表达
521,7,volatile,0,adj.（人或其情绪)易变的，无定性的，无常性的，（（人情况)可能急剧波动的，不稳定的，易恶化的，（物质)易挥发的，易发散的,不稳定的；物质)易挥发的
522,7,volcano,0,n.火山,火山
523,7,voyage,0,n.航海，航程vt航海，航行，旅行,航海；航行
524,7,waterfall,0,n.瀑布,瀑布
525,7,waterproof,0,adj.不透水的，防水的,防水的
526,7,wave,0,vv（（挥手)示意，致意，球动，挥动,（挥手)示意；挥动
527,7,wax,0,n.蜡，蜂蜡vt.打蜡,量；打量
528,7,although,0,conj.虽然，尽管，即使,虽然；尽管
529,7,altitude,0,n.高度，海拔,高度；海拔
530,7,altogether,0,adv.总共;完全地，全部地，总之,总共；完全地；总之
531,7,ambassador,0,n.大使,大使
532,7,amiable,0,adj.亲切的，和该可亲的,亲切的；和蕊可亲的
533,7,amid st,0,prep在…中,在…中
534,7,belly,0,n.腹部v（out)涨满，凸出,腹部；涨满
535,7,beloved,0,n.爱人，心爱的人adj.受爱戴的，敬爱的,心爱的人
536,7,below,0,prep.在…下面，在…以下adv在下面，向下,在…下面；在…以下
537,7,belt,0,n.（皮)带，腰带，地带,（皮)带；腰带；地带
538,7,bench,0,n.工作台;长人亮，条侣【解】n.法官席位;法官（总称),长介；法官席位；法官（总称)
539,7,clap,0,v.拍手，拍;轻拍nm.拍手，掌声，霹雳声,拍手；轻拍
540,7,clarify,0,v.澄清，阑明，除去（液体，黄油等中的)杂质，使（液体)澄清,阑明
541,7,clarity,0,n.清晰，明晰,清晰
542,7,clash,0,v.碰撞，冲突n.磁撞（声);冲突,碰撞；冲突；碰撞（声)
543,7,clasp,0,n.拥抱，握手，扣子，钩子v握手，紧抱,扣子；紧抱
544,7,class,0,n.级别，年级，（（一节)课;阶级，阶层;等级，类别vt.把…分类（或分等),(一节)课；阶级；等级；类别
545,7,classic,0,n.杰作，名著。adj.第一流的，不朽的，古典的【解】adj.典型的,名著；第一流的；典型的
546,7,classical,0,adj.经典的，古典（文学)的,经典的；古典（文学)的
547,7,classification,0,n.分类，门类,分类
548,7,classify,0,vt.分类，分等（级),分类
549,7,clause,0,n.（（正式文件或法律文件的)条款，从句，分句,条款
550,7,depart,0,vi.离开，启程，离职,启程；离职
551,7,departure,0,n.离开，启程，背离，违反，逾越,离开；启程
552,7,depict,0,vt.描绘，描述,描绘；描述
553,7,deplete,0,"(常用被动态)大量减少，耗尽,使村刘",大量减少；耗尽
554,7,deplore,0,v.公开谴责，强烈反对,
555,7,deploy,0,v.部署，调度（军队或武器);有效地利用，调动,部署；有效地利用
556,7,depth,0,n.深度,深度
557,7,deputy,0,n.代理人，副手,代理人；副手
558,7,enclose,0,vt.（（从四面八方)围住，包围，圈（公地)为和有;封入，含有,（从四面八方)围住
559,7,enclosure,0,n.围住，圈占（地),圈占（地)
560,7,gorgeous,0,adj.华丽的，灿烂的，宣人的，爽快的，台华的,华丽的；宜人的
561,7,gossip,0,n.流言费语，闲聊，爱说长道短的人v传播流言语，闲聊,流言划语；闲聊
562,7,gown,0,n.长袍，法衣，礼服，睡袍,长袍；礼服
563,7,grade,0,n.（产品、材料的)等级，品级，（（宣衔的)级别，职别;成绩等级，评分等级年级，程度，阶度，（首乐考试的)级别水平v给…评分;给…分数，（按能力、质量、大小等将…)分级，分等，分类,等级；成绩等级；年级；分级
564,7,grain,0,"谷物，谷类;颗粒,细粒",谷物
565,7,gram me,0,n.克,克
566,7,hedge,0,n.(做树)树篱，保护手段v用树篱围住（或隔开)，避免正面答复，拒绝承认【解】v.规避（风险等),规避
567,7,heel,0,n.脚后跟,脚后跟
568,7,height,0,n.高，高度，（（常pl.)高地，高处,高；高度；高地
569,7,heighten,0,vt.提高，升高，（（使)加强,提高；（使)加强
570,7,heir,0,n.继承人,继承人
571,7,helicopter,0,n.直升机,直升机
572,7,hell,0,n.地狱，阴间，苦境，极大痛苦,地狱
573,7,helmet,0,nn闫蕉，钢奉,
574,7,helpful,0,adj.有帮助的，有益的，有用的,有帮助的；有益的；有用的
575,7,hemisphere,0,n.半球,半球
576,7,hence,0,adv.从此，今后;因此（主要用于书面语),从此；因此
577,7,henceforth,0,adv.今后,今后
578,7,herald,0,v.是（某事)的前兆，预示;宣布_n.预兆，(旧时的)信使，传令官，使者,是（某事)的前兆；宣布；预兆
579,7,herb,0,n.药草，（（调味用的)香草，草本植物,药草；香草
580,7,herd,0,v.放牧，把…赶在一起，和群集，育在一起n.兽群，牧群【解】n.人和群,放牧；把…赶在一起；聚在一起；人群
581,7,heritage,0,n.遗产，继承物，传统,遗产；传统
582,8,sail,0,n.帆，航行v航行,帆；航行
583,8,sailor,0,n.水手，海员,水手；海员
584,8,saint,0,n.圣人，圣徒，(Saint略作st.用于人或地名前)圣,圣徒
585,8,sake,0,n.缘故，理由,缘故；理由
586,8,salad,0,"n.色拉,(（一盘)凉拌生菜",(一盘)凉拌生菜
587,8,salary,0,"n.靳水,新全",薪水
588,8,salute,0,v.敬礼;致敬，赞扬，颂扬n敬礼，致敬，鸣礼炮；致敬仪式,敬礼；致敬
589,8,salvation,0,n.拯救，救助，救济品，避免损失，躲避灾难的途径或方法,救助；避免损失；躲避灾难的途径或方法
590,8,accent,0,n.腔调，口音，重音（符号)，着重点，强调v着重，强调，突出,口音；着重点；强调
591,8,accident,0,n，（（不幸的)意外遭遇，事故，偶然因素,意外遭遇；事故；偶然因素
592,8,accord,0,n.一致，符合，调和，协定v正式)相符，一致，给与或赠与某人某事物,协定；相符；一致
593,8,accordance,0,n.一致，符合;授予，给予,一致；符合
594,8,according to,0,prep.据…所说，按…所载，根据；视…而定,根据
595,8,accordingly,0,adv.因此，从而，于是，相应地，照着（办),相应地；照着办)
596,8,ache,0,vi/n.疼痛,疼痛
597,8,acid,0,n.酸adj.酸的，尖酸刻薄的,酸；酸的
598,8,bald,0,adj.秃的，秃头的，简单的，单调的,简单的
599,8,ballet,0,n.芭蓄舞，芭董舞剧,芭曹舞
600,8,ballot,0,n.（无记名)投票，票数v投票,投票
601,8,band,0,v（（将收入、价格或价值)划分档次，分等级，联合（together),乐队；一伙
602,8,bandage,0,n.绷带,绷带
603,8,bang,0,n.（突发的)巨响，狐击，猛撞v发出和的一声;（友秤)狐击，猛撞,（（突发的)巨响
604,8,bankrupt,0,adj.破产的vt.使破产,破产的
605,8,banner,0,n.旗（帜)【解】n.（通常指在抗议或集会中用两根竿子撑开的)横幅,旗（帜)；横幅
606,8,banquet,0,n.宴会,宴会
607,8,barbecue,0,n.（（吃烤烧内的)野外餐会,野外餐会
608,8,bark,0,v.了喘，吃哮n.喘声，狗叫声，树皮,了喘；唤哮；了喘声
609,8,barn,0,n.畜棚，谷仓，仓库,畜棚；谷仓
610,8,barrel,0,n.桶，枪管，炮管,桶
611,8,barren,0,adj.不生育的，不结果实的贫瘤的n.芒地,不生育的；贫状的
612,8,barrier,0,n.栅栏，屏障，障碍（物),屏障；障碍（物)
613,8,camel,0,n.骆驼,骆驼
614,8,camp,0,n.野营，营地，帐篷，阵营vi.设营，人宿营,阵营
615,8,campus,0,n.（（大学)校园,（大学)校园
616,8,can,0,auxv能，会;可以，可能n.饶，饶头，容器vt.装饶头,能；可以；可能
617,8,cancel,0,vv取消，废除，删去,废除
618,8,cancer,0,n.瘤，癌瘤，癌肿，迅速蔓延的恶劣的或危险的事物,瘤
619,8,cape,0,n.披肩，短斗篷!海角，峡,披肩；短斗篷
620,8,captain,0,n.首领，队长，船长，上尉vt做…的首领，指挥,队长
621,8,carbohydrate,0,n.[化]碳水化合物，糖类，碳水化合物食物,碳水化合物
622,8,carbon,0,n.碳;复写纸,碳
623,8,cardinal,0,n.红衣主教;深红色adj.主要的，最重要的;深红色的,红衣主教；最重要的
624,8,cargo,0,n.货物（基),货物（量)
625,8,carriage,0,n.（四轮)马车，(火车)客车厢，运输，运费；仪态，举止,马车；客车厢；运输
626,8,carrier,0,n.送货（件)人，搬运人;运输公司;传染疾病的媒介物或人;（（自行车等的)载物架，军用运载工具,搬运人；运输公司
627,8,carry,0,v.运送，搬运，传送，转播【解】v.出售，具有，承担,出售；具有；承担
628,8,carrot,0,n.大萝卜;为说服人做事所许诺的)报酬，好处,胡葛下；报酬；好处
629,8,carve,0,v（（雕)刻,（导)刻
630,8,eccentric,0,adj.反常的，古怪的;(指圆形)没有共同圆心的_n.古怪的人;偏心器，偏心轮,古怪的；古怪的人
631,8,echo,0,v/n.回声，反响，共鸣,回声
632,8,ecology,0,"生态学,生态",生态学；生态
633,8,edge,0,n.边，棱，刀口，刃;优势v(使)侧身移动，挤，迫使，取代,边；楼
634,8,faint,0,adj.不清楚的，模糊的，微弱的vi.昏倒【解】adj.数衍的,微弱的；敷衍的
635,8,faith,0,n.信任，信心;信仰，信条,信任；信仰
636,8,faithful,0,adj.忠诚的,忠诚的
637,8,gentle,0,adj.和议的，文雅的，有礼角的,文雅的；有礼瑶的
638,8,gently,0,adv.文雅地，有礼铝地，轻轻地,文雅地；轻轻地
639,8,genuine,0,adj.真的，非人造的，名副其实的;真诚的，真心的,真的；名副其实的；真诚的
640,8,geography,0,n.地理（（学),地理（学)
641,8,geology,0,n.地质（学),地质（学)
642,8,geometry,0,n.几何（学),几何（学)
643,8,germ,0,n.微生物，细菌【解】n.（一of)发端，萌芽,细菌；发端；萌芽
644,8,gesture,0,n.手势，示意动作，姿态，表示_v做手势，用动作示意,手势；做手势；用动作示意
645,8,ghost,0,n.鬼魂，幽灵,鬼魂
646,8,majesty,0,"n,最高权威，王权，雄伟",最高权威；雄伟
647,8,male,0,n.男性，雄性adj.男性的，雄性的,男性；雄性；男性的；雄性的
648,8,malignant,0,adj.（指人或人的行为)恶毒的，亚意的;（指肿瘤、疾病)恶性的，致命的,恶毒的；恶性的
649,8,passage,0,n.通过，经过;通道，走廊;（一)段落，(一)节,通过；(一)段落
650,8,passerby,0,n.过路人，行人,过路人；行人
651,8,passport,0,n.护照;（达到某种目的的)手段,护照；手段
652,8,paste,0,n.糊，效v粘，贴,次；粘；贴
653,8,pastime,0,"mn娱乐,消道",娱乐
654,8,pat,0,vv（友善地)轻拍，轻打，抚摸mn.轻拍，轻打adj.不自然的;油滑的;过于简单的【解】adj.恰好的，适当的,油滑的；过于简单的；恰好的；适当的
655,8,path,0,n.小径，小路，途径，路线，轨道,小路；途径；路线；轨道
656,8,pathetic,0,adj.可怜的，悲惨的,可怜的；悲惨的
657,8,patience,0,n.耐心，忍耐,耐心；忍耐
658,8,patriotic,0,adj.爱国的,爱国的
659,8,patrol,0,出巡，多遇nn.巡逻，巡逻兵警察;侦窗了,巡逻
660,8,patron,0,n.赞助人，资助人【解】n.老主顾,赞助人；老主顾
661,8,pause,0,n./vi.中止，暂停,中止；暂停
662,8,pave,0,v.习铺（路)，铺砌，铺筑，为…做准备，使顺利,铺路)；铺砌
663,8,pavement,0,n.人行道，路面,人行道
664,8,dance,0,v.跳舞。n.舞蹈，舞会,跳舞；舞蹈
665,8,dash,0,n.(for)猛冲，突进，破折号，短跑;(of)少量，少许（（添加物)v.猛冲，突进;狐击，狐撞，狐摔,猛冲
666,8,daunting,0,adj.使人气包的，令人晨惧的,使人气色的；令人晴惧的
667,8,dawn,0,n.黎明，拂晓，[the~]开端，起始vi.破晓，开始，展现;(on，upon)逐渐明白,开端；起始
668,8,daily,0,adj.每日的adv每日，天天_n.日报,每日的；每日；日报
669,8,daylight,0,n.日光，和白公，黎明,日光；白昼
670,9,battle,0,n.战役，战斗，斗争。vi.战斗，斗争，搏斗,战役；战斗；斗争
671,9,battery,0,n.电池（（组)，电瓶，炮兵连，炮组，炮台【解】n.一系列,电池（组)；一系列
672,9,bay,0,n.（（海或湖的)湾;分隔间（（户外或室内的，用以停放车辆，存放货物等);（建筑物的)突出结构;栗色马。adj.深棕色的，现红色的vv（（尤指捕猎时)发出长啤，低沉地嘱叫，厉声强要,(海或湖的)湾
673,9,adhere,0,v.粘附，附着，(to)坚持，遵守,附着；坚持；遵守
674,9,adjacent,0,adj.(to)邻近的，毗连的,邻近的
675,9,adolescent,0,adj.青少年的，青春期的n.(大约13到17岁之间的)青少年,青春期的；青少年
676,9,adore,0,vt.崇拜，爱莫，敬爱,崇拜；爱慕
677,9,advent,0,n.（（尤指不寻常的人或事)出现，到来,出现；到来
678,9,adventure,0,n.冒险，惊险活动，奇遇,冒险；奇遇
679,9,adverse,0,"adj.不友好的，政对的;不利的，有害的;(方向上)逆的,(位置上)相反的",不利的；有害的
680,9,advertise,0,v.做广告，登广告，宣传,做广告
681,9,ceiling,0,"n,天花板，最高限度",天花板；最高限度
682,9,cell,0,n.细胞，小囚房，蜂房，电池,细胞
683,9,cement,0,n.水泥，胶合剂vv胶合，巩固，加强,巩固；加强
684,9,censorship,0,n.审查，检查，审查制度,审查；审查制度
685,9,census,0,n.人口普查（调查),人口普查（调查)
686,9,cent,0,n.分，分值的硬币,分
687,9,center / centre,0,n.中心（区)，中央v集中;将…当作主题,中心（区)；集中
688,9,central,0,adj.中心的，中枢的，主要的,中心的；主要的
689,9,century,0,n.世纪，(一)百年,"世纪,(一)百年"
690,9,centigrade / Celsius,0,n.摄氏温度计，百分度adj.摄氏的（略为C)（华氏的为Fahrenheit),摄氏温度计
691,9,centimeter / centimetre,0,n.厘米,厘米
692,9,cereal,0,n.谷类食品，谷类adj.谷类的，谷类制成的,谷类食品；谷类
693,9,debt,0,"n,债，债务",债；债务
694,9,debut,0,n.（（演员、运动员)首次亮相，初次登台,首次亮相；初次登台
695,9,decay,0,vi.腐梧，腐烂，失去权力，活力，影响等n.衰退，腐朽，腐烂,衰退；腐烂
696,9,deceit,0,n.坎骗，坎骗行为,欺骗；欺骗行为
697,9,deceive,0,\避欺骗，蒙项,欺骗
698,9,decent,0,adj.体面的，像样的，正派的，合乎礼仪的,体面的；像样的；正派的
699,9,decimal,0,adj.十进（位)的;小数的mn.小数,十进（位)的；小数的；小数
700,9,ego,0,n.自我，自尊，自负,自我；自尊
701,9,fare,0,n.车费，船费，飞机票价，伙食，饮食v吃，进食;生活，过活;进展，遭遇;成功（或不成功、更好等),车费；飞机票价
702,9,farewell,0,interj.再会，别了n.辞行，告别,再会；告别
703,9,farther,0,adv.更远地，再往前地adj.更远的,更远地；再往前地；更远的
704,9,fast,0,adj.快的，迅速的，紧的，牢的adv快地，迅速地，紧紧地，牢固地,快的；迅速的；快地；迅速地
705,9,fasten,0,v.扎牢，使固定，使牢固,扎牢
706,9,fate,0,n.命运,命运
707,9,fatal,0,adj.致命的，毁灭性的，宿命的，命运的，命中注定的,致命的；筑灭性的
708,9,fatigue,0,n.疲劳v（使)疲劳,疲劳
709,9,fault,0,n.过失，过错;缺点，毛病，故障v找(人)缺点，挑刚，指责,过失；过错
710,9,faulty,0,adj.有缺点的，有错误的【解】adj.有故障的,有错误的；有故障的
711,9,fax,0,n.传真（机、件)vt.传真，传输,传真(机、件)；传真
712,9,giggle,0,n.咯咯笑，傻笑;娱乐，持续的笑vi咯咯笑，傻笑,咯咯笑；僵笑
713,9,glacier,0,n.冰川，冰河,冰川；冰河
714,9,glare,0,"n.怒视，轿眼;(发)强光,（发)耀眼的光vi(Cat)怒视，几眼;（发)强光，(发)耀眼的光",怒视；胜眼;（发)强光
715,9,glance,0,n.一敬，扫视vv看，扫视,一敬；扫视
716,9,glimpse,0,vt./n.一敬，一看,一警；一看
717,9,glitter,0,"vi.闪闪发亮(或发光)，光彩夺目，闪净n.闪光,灿烂的光辉【解】n.吸引力",闪闪发亮(或发光)；闪耀；吸引力
718,9,glow,0,vi.发热，发光，发红，色彩强烈，绚丽夺目n.光亮，光多，喜悦,发光；光亮
719,9,harvest,0,"nm收获，政成成果,后果",收获；收成
720,9,haste,0,nm急念，旬忙;赶快，赶紧,匆忙
721,9,hasty,0,adj.匆忙的，仓促的草率的,匆忙的；仓促的；草率的
722,9,hatch,0,vv策划，图谋;旷，孵出nm.舱口，小门,策划；图谋
723,9,hatred,0,n.异恨，异恶，怨恨,惜恨；怨恨
724,9,haul,0,v.拖搜，拖运，用力拖,拖搜
725,9,hawk,0,n.鹰，华vabout/around)兜售，沿街叫卖【解】v(比喻)散布（消息),兜售；沿街叫卖；散布（消息)
726,9,hay,0,n.干草,干草
727,9,hazard,0,n.危险;危害物，危险之源;机会,和危险；危害物
728,9,he,0,pron.他;它，人（泛指男性或女性，尤指曾提到过的人或泛指某群体时)n.男性，雄性，雄性动物,他；它
729,9,jog,0,v.慢跑;（偶然的)轻碰，轻击，轻摇,慢跑
730,9,joint,0,n.接头，接绛，接合处，关节adj.共同的，联合的,共同的；联合的
731,9,jolly,0,adj.欢乐的，高兴的adv.非常地,欢乐的
732,9,kid,0,n.小孩，儿童vt.戏弄，嘲措,小孩；儿童；戏乔
733,9,kidnap,0,vt.绑架，动持,绑架；劫持
734,9,kidney,0,n.皮，肾脏,肾脏
735,9,kill,0,vt.杀死，破坏，毁掉，消磨（（时间),杀死；破坏；消磨
736,9,late,0,adj.迟的，晚的，晚期的;已故的adv迟，晚,迟的；晚的；晚期的；已故的；迟；晚
737,9,lately,0,adv.最近，不久前,最近；不久前
738,9,later,0,adv.后来，以后;其后adj.后来的，以后的,后来；以后
739,9,latent,0,adj.潜在的，隐伏的，不易察觉的,潜在的；不易察觉的
740,9,latitude,0,n.纬度【解】n.选择（做什么事或做事方式的)自由,选择（做什么事或做事方式的)自由
741,9,laughter,0,n.笑，笑声,笑；笑声
742,9,launch,0,v.发射，发动;使(船)下水_n.发射，下水,发动
743,9,laundry,0,n.洗衣房（店);待洗衣物，所洗衣物,洗衣房（店)；待洗衣物
744,9,reckless,0,adj.（of)鲁莽的，不顾危险的,鲁磊的；不顾危险的
745,9,reckon,0,vt.计算，数;认为估计，判断,认为；估计
746,9,reclaim,0,v.使改过，改造，开垦，开拓;收回，回收利用,使改过；开垦；收回
747,10,telescope,0,n.望远镜,望远镜
748,10,telegraph,0,n.电报机，打电报v打电报传达(消息)，报告,电报机
749,10,tell,0,v(from)办别，区别;告诉，讲述;吟只，命令，泄露，吐露,辨别；区别；告诉；讲述；只只；命令
750,10,tear,0,v(tore，torn)撕开，撕裂nmn.眼泪,据裂；眼泪
751,10,tease,0,vt.戏弄，取笑;挑逗，撩拨n.（爱)戏弄他人者，缠扰者,戏乔；取笑
752,10,tedious,0,adj.单调乏味的，冗长的，令人厌倦的,单调乏味的；冗长的
753,10,undo,0,vt.松开，解开，取消，撤销,取消；撤销
754,10,undoubtedly,0,adv.无疑，必定,无疑；必定
755,10,peaceful,0,adj.和平的，平静的，宁静的,和平的；平静的
756,10,peak,0,n.山项，最高点，顶峰【解】vi.达到最高值,最高点；顶峰；达到最高值
757,10,pearl,0,n.了珍珠,珍珠
758,10,pedal,0,v.踩踏板，骑自行车n.踏板,踏板
759,10,pedestrian,0,n.步行者，行人a.徒步的;平凡的，通俗的,步行者；行人；平凡的
760,10,harassment,0,n.烦扰，杰扰;折磨人的东西,骚扰
761,10,harbor / harbour,0,"n.港唱，海湾，避难所，茂身处洲隐匿，窜藏,人让",港口；海湾
762,10,hard,0,adj.硬的，坚固的，努力的，艰苦的;冷酷无情的，强烈的，狐烈的adv努力地;猛烈地;困难地,艰苦的；努力地；猛烈地；困难地
763,10,harden,0,v.使变硬;使变得冷酷无情,使变硬
764,10,hardly,0,adv.几乎不，简直不；仅仅，刚刚，辛苦地，苛刻地,几乎不；仅仅
765,10,hardship,0,n.艰难，困昔,艰难；困苦
766,10,hardware,0,n.五金，金属制品，硬件,五金；金属制品
767,10,hero,0,n.英雄，勇士，男主角，男主人公,英雄；男主角；男主人公
768,10,heroic,0,adj.英雄的，英勇的,英雄的；英勇的
769,10,heroin,0,n.海洛因,海洛因
770,10,heroine,0,n.女英雄；女主角，女主人公,女英雄；女主角
771,10,impatient,0,adj.不耐烦的，急躁的,不耐烦的
772,10,imperative,0,adj.紧急的，重要的;命令式的，专断的，[语法]祈使的_n.必要的事，必要性,紧急的；必要的事
773,10,imperial,0,adj.帝国的，帝王的，英制的,帝国的；英制的
774,10,impetus,0,n.推动(力)，促进,推动(力)；促进
775,10,lane,0,n.小路，小埠;（比赛用的、有标志的)泳道，跑道【解】n.车道;航线,小路；车道；航线
776,10,lantern,0,n.灯，灯笼,灯笼
777,10,lap,0,n.大腿，跑道的一圈v钰食，拍击（多指海水)【解】n.一段路程,拍击；一段路程
778,10,lapse,0,n.小错，记错，朴忽，咕落，失足;（时间的)流逝，过去v陷入或进入某种状态;失效,疏忽；流逝；失效
779,10,laser,0,n.激光，激光器,激光；激光器
780,10,lash,0,v.蒜打，抽打，睦策，狐击，冲击;摆动，捆绑（尤指用绳子)，勒紧，扎牢,鞭子；鞭打；摆动
781,10,mankind,0,n.人类,人类
782,10,r aoeuue,0,n.策略，调动v用策略，调动，(敏捷地)操纵,策略；调动；操纵
783,10,manual,0,adj.手的，手工做的，体力的n.手册，指南,手工做的；体力的；手册；指南
784,10,manufacture,0,vt.制造，加工nn.制造，制造业;产品【解】v.编造（虚假情况、借口等),制造；编造
785,10,manuscript,0,"n,手稿，原稿",手稿；原稿
786,10,obstacle,0,n.障碍，妨碍，干扰,障碍
787,10,obstruct,0,"v.功得,阻隔,阻塞，遮断道路、通道等",妨碍；阻塞
788,10,obstruction,0,n.阻隔，阻得，芒碍;障碍（物),荡碍；障碍（物)
789,10,occasion,0,n.时刻，时候，场合，重大(或特殊)活动，盛会，时机，机会【解】n.理由,场合；理由
790,10,occasional,0,adj.偶尔的，间或发生的,偶尔的；间或发生的
791,10,odd,0,adj.奇数的，单的;奇怪的，古怪的;单只的，不成对的;临时的，不固定的;剩余的，多余的,奇怪的；临时的
792,10,odds,0,n.不平等，差异;机会【解】n.(the一)几率，(事物发生的)可能性,几率；可能性
793,10,odor / odour,0,n.（（尤指难闻的)气味，贞气,气味
794,10,scold,0,v(for)责骂，训斥,责吕；训斥
795,10,scout,0,n.侦察员，侦察机（舰)v.搜索，侦察,侦察员；侦察
796,10,scramble,0,v.枫登;(蔓草等)蔓延，繁生；(for)争夺，竞争（尤指为得到某物)将（东西)乱混在一起，搅乱某事物n.瑞登，疏行，争夺，抢夺,攀登；争夺
797,10,scrap,0,n.碎片，零屑，少量，一点儿;废料，废物v(scrapped)抛弃，抛掉【解】v.取消,抛弃
798,10,scrape,0,v.刮，控，积攒，勉强过日子【解】v.艰难取得,刊；艰难取得
799,10,scratch,0,v.抓，摄，刮，探，渡草地涂画，乱画n.抓，摄，刮，擦，起跑线,抓；摄
800,10,scream,0,vyn.尖声叫，啼叫,尖声叫
801,10,screen,0,n.屏，幕，帘;掩护，庇护，[the一][总称]电影v庶蔽，掩护，包庇;放映（电影)，筛选，审查,屏；幕；筛选；审查
802,10,screw,0,n.螺旋，螺丝v拧，拧紧,螺旋；螺丝
803,10,script,0,n.手稿，考生的笔试卷，剧本,剧本
804,10,scrutiny,0,"n,.详细审查;细看，监视",详细审查；细看
805,10,sculpture,0,n.肉刻，雕刻品，导塑，雕塑品vv有雕刻，雕塑,雕刻品；雕塑
806,10,seal,0,n.海鹏，封铅，封条，印，图章vt.封，密封,印；图章；密封
807,10,seam,0,n.缝，接缝,颖；接缝
808,10,second,0,adj.第二的;次等的，次要的n秒v赞成，附和,第二的；次等的；秒
809,10,secondary,0,adj.中级的，第二的;次要的【解】adj.中等教育的，中学的,中级的；中等教育的；中学的
810,10,secretary,0,n.秘书，书记；部长，大蕊,秘书；部长；大臣
811,10,section,0,n.部分，部门;（地)区，地段，章节，截面，剖面【解】n.阶层,部分；(地)区；阶层
812,10,sector,0,n.部分，部门户区，扇形【解】n.领域，行业,部门；领域；行业
813,10,segment,0,n.段，片，节，部分【解】v.划分,部分；划分
814,10,segregate,0,v.隔离，分离，分开，隔离并区别对待,分开；隔离并区别对待
815,10,seize,0,v.抓住，捉住;人掌握，理解;夺取，占领;没收，查封;(疾病)侵袭;(情绪)支配【解】v（一on/uponsth)关注,抓住；掌握；关注
816,10,veil,0,n.面纱，面嘲，喧盖物，借口v用面纱遮掩，掩饰,面纱；并盖物；掩饰
817,10,vein,0,n.血管，静脉，叶脉，纹理，裂痕，缺阶;性情，心绪【解】n.方式，风格,关脉；纹理；方式；风格
818,10,velocity,0,n.速度，速率,速度；速率
819,10,velvet,0,n.丝绒，天忽绒,丝绒；天帮绒
820,10,vertical,0,adj.垂直的，立式的;竖的，纵向的n.垂直物，垂直线,垂直的；纵向的
821,10,verge,0,"n.边,边缘，边沿vt.(on)接近，濒临",边缘；濒临
822,10,versatile,0,adj.多才多艺的，有多种用途的，多功能的,多才多艺的；多功能的
823,10,versus,0,prep.（诉讼、竟赛等中)以…为对手，与…相对，与…相比,与…相比
824,11,gallery,0,n.画廊，美术馆;长廊，走廊，狭长的房间,画克；美术馆；长廊
825,11,galaxy,0,n.星系;(theG)银河（系);一群（（杰出或著名的人物),星系
826,11,peel,0,v.剥落，脱落，脱衣，削皮，列皮n.(水果、蔬菜、嫩枝等的)皮,剥落；剥皮；皮
827,11,peep,0,vi（（尤指从小孔等)偷看，罕视,偷看；窥视
828,11,penalty,0,n.处罚，和罚,处罚；繁罚
829,11,penetrate,0,v.穿透，渗入；识穿看破，洞察，了解,渗入；看破；洞察
830,11,peninsula,0,n.半岛,半岛
831,11,penny,0,n.便士，少量的钱,便士
832,11,pension,0,"n,养老金，抚恤金",养老金；抚恤金
833,11,people,0,n.人民，民众;民族,人民；民众；民族
834,11,perfume,0,n.香水，香料，香气vt使充满香气，洒香水于,香水；使充满香气
835,11,permanent,0,adj.永久的，持和久的,永久的
836,11,permeate,0,v_(through)透入，充满，渗透，弥漫,充满；弥漫
837,11,permission,0,n.允许，同意,允许；同意
838,11,permit,0,n.通行证，许可证，执照v许可，允许【解】v.使有可能,许可证；许可；允许；使有可能
839,11,quantify,0,\必.确定…的数量，用数量表示，测量,确定…的数量；用数量表示
840,11,quantitative,0,adj.数量的，定量的,数量的；定量的
841,11,quantity,0,n.量，数量，数额（量)，目录；大量，大批，众多,量；数量；大量；大批
842,11,race,0,n.竞赛，赛跑，种族，人种v竞赛，赛哆，使迅玉到达,竞赛；种族；人种
843,11,racial,0,adj.种族的,种族的
844,11,rack,0,n.架子，支架，行李架;（肉体或精神上的)剧烈痛苦v使(肉体或精神上)受剧烈痛苦，折磨,使（肉体或精神上)受剧烈痛苦；折磨
845,11,racket,0,n.哈闹，考验；球拍【解】n.诈骗,哈立；球拍；诈骗
846,11,radio,0,n.收音机，无线电，无线电讯，无线电广播v用无线电发送讯息,收音机；无线电广播
847,11,radioactive,0,adj.放射性的，放射引起的,放射性的
848,11,radius,0,n.半径（（距离)，范围,半径（距离)；范围
849,11,rag,0,n.破（碎)布;（格调底下的)报纸，小报v昌和弄，嘲笑，和…开玩笑,昌乔；嘲笑
850,11,rage,0,n.（一阵)狂怒，(一阵)盛怒【解】n.流行v发怒，怒斥，肆虐，猩狐,（一阵)狂怒，(一阵)盛怒；流行
851,11,raid,0,n.袭击，搜查v缆击，突然搜查,绪击；突然搜查
852,11,semester,0,n.学期,学期
853,11,semiconductor,0,"n,半导体",半导体
854,11,seminar,0,n.（（大学的)研究班，研讨会,研讨会
855,11,senate,0,nn参议院，上院,
856,11,senator,0,n.参议员,
857,11,sentence,0,n.句子;宣判，判决v忆宣判，判决,句子；宣判；判决
858,11,sentiment,0,n.情操，情感，情绪，多愁善感，意见，观点,情绪；观点
859,11,session,0,n.会议，(一届)会议，一段时间,
860,11,sew,0,v.颖，颖幼,颖；缝幼
861,11,shine,0,vt.(shone，shone)照郊，发光;探亮_n光，光泽,发光；光泽
862,11,shipment,0,nm装船，装运，装载的货物，装赤量,装运；装载的货物
863,11,shiver,0,vi.战栗，发持,战栗；发拌
864,11,shock,0,"n.震动，冲击，电击;休克vt.（使)震动,(（使)震惊",震动；（使)震动；（使)震惊
865,11,shoot,0,Vv(shot，shot)射击，发射，开（枪)，放（炮)；突然迅速地移动;发芽n.狩猪，狩猪队，狩猎场;嫩枝，幼苗【解】v.剧痛，拍摄,射击；发射；发芽；剧痛；拍摄
866,11,shot,0,"n.开枪，射击;投篮,弹丸，炮弹，子弹【解】n.照片",射击；投篮；照片
867,11,shortage,0,n.不足，缺少,不足；缺少
868,11,shortcoming,0,n.短处，缺点,短处；缺点
869,11,shorthand,0,n.速记（法),速记（法)
870,11,shove,0,n.[D]推，挤vt.[D]推挤，猛推，乱放，乱塞,推挤；猛推；乱塞
871,11,temple,0,n.庙宇，神殿，寺;太阳穴,庙宇；寺
872,11,tempo,0,"n.节奏，行进速度,（音乐的)速度",节奏；速度
873,11,tenant,0,n.承租人，房客，个户,承租人；房客
874,11,tender,0,adj.（肉)嫩的;脆弱的;温和的，温柔的，慈爱的，易受感动的，敏感的v提示，提供;(for)投标,脆弱的；温柔的；提供；投标
875,11,tense,0,n.时态adj.拉紧的，紧张的,
876,11,tension,0,n.张力，拉力;紧张【解】n.紧张局势（或关系、状态),紧张；紧张局势（或关系、状态)
877,11,then,0,adv.当时，在那时，那么，因而，然后，于是，另外,在那时；因而；然后；于是
878,11,thereafter,0,adv.此后，以后,此后
879,11,thereby,0,adv.因此，从而,因此；从而
880,11,therefore,0,adv.因此，所以conj.因此,因此；所以
881,11,vest,0,n.背心，马甲，汗衫，内衣【解】v.赋予，授予，给予（权利或责任),赋予；授予；给予（权利或责任)
882,11,veteran,0,n.老手，老兵,老手；老兵
883,11,veto,0,n.和否决，和否决权，否决权的行使，禁止，反对vt.和否决，禁止，反对,否决权；否决；反对
884,11,walk,0,n.步行，散步，步行道v步行，走，散步,步行；散步
885,11,ward,0,"n.病房;行政区；受监护人v保卫,守卫【解】v.挡住;避开(危险、疾病等)",病房；挡住；避开
886,11,wardrobe,0,n.衣柜，衣橱，全部服装，行头（总称),衣柜；衣橱
887,11,warehouse,0,n.仓库，货栈,仓库；货栈
888,11,warfare,0,"n,战争（状态)，斗争，冲突",战争（状态)；斗争；冲突
889,11,warmth,0,n.有暖和，温暖;热心，热情,退暖；热情
890,11,warn,0,v.警告，告诚,警告；告诚
891,11,warrant,0,n.授权，批准，(正当)理由，根据;许可证，委任状，证书vt.授权给，批准;证明…是正当(或有理)的，需要;值得;保证（某物是真的)，担保，人允诺,授权；许可证；委任状
892,11,warranty,0,n.（商品)保修单,保修单
893,11,aerial,0,adj.空中的，航空的n.天线,空中的；航空的
894,11,affluent,0,adj.丰富的，富裕的，繁荣的,富裕的
895,11,afterward s,0,adv.后来，以后,后来；以后
896,11,against,0,prep.对〔（着)，道，反对，违反，靠近，倚在，对比，以…为背景,对(着)；逆；反对；违反；对比
897,11,age,0,n.年龄，时代，时期v变老;老化，变成熟,年龄；时期；变老
898,11,coach,0,n.(铁路)客车而，长途汽车;辅导员，教练v指导，辅导,教练；指导
899,11,coalition,0,n.联合，同盟,联合；同盟
900,11,coarse,0,adj.粗糙的，粗劣的，粗鲁的，粗俗的,粗糙的；粗俗的
901,11,cognitive,0,adj.认知的，有关认识的,认知的
902,11,inject,0,vt.注射，注入【解】v.增加（（某品质),注射；注入；增加
903,11,injure,0,v.使受伤，损害，伤害（名誉、自尊等),使受伤；伤害
904,11,injury,0,n.损伤，损害，毁坏,损伤
905,11,ink,0,"n.墨水，墨讶,油墨v给…上油墨签署，签订（合同等)",墨水；油墨
906,11,inland,0,adj.国内的，内地的，内陆的adv在内陆，向内地,国内的；内陆的；在内陆
907,11,blank,0,adj.空白的，空着的，失色的，无表情的n.空白，表格,空白的；空着的；无表情的；空白
908,11,blanket,0,n.毯子，毛毯，(of)厚（的覆盖)层vv（以厚层)覆盖，笼四adj.全面的，包含所有的，适用于所有情形的【解】adj.综合的,毯子；毛毯；全面的；综合的
909,11,light,0,n.光，光亮，光线;灯，和灯光，光源v(It，lit，lighted，lighted)点（火)，点燃:(使)变亮，照亮adj.轻的，轻松的;(颜色)淡的【解】adj.不严厉的,光；灯；照亮；轻的；不严厉的
910,11,lightning,0,n.闪电adj.内电般的，快速的,闪电；闪电般的；快速的
911,12,bake,0,"v.歼，烧，焙;烤硬,烘下,烙T",烤；烘；焙
912,12,bait,0,v（在鱼钩上、陷阱中等)放诱饵。n.饵，诱惑物,放诱饵
913,12,bachelor,0,"n.单身汉;[缩BA,]学士（学位)",学士（（学位)
914,12,backward,0,adj.向后的，倒行的，落后的，迟钝的adv向后，朝反方向,落后的；迟钝的；向后
915,12,bacteria,0,n.细菌,细菌
916,12,bad,0,adj.坏的，恶的，错的;低劣的，拙劣的，不舒服的，有病的;腐败的;严重的,坏的；腐败的；严重的
917,12,badly,0,adv.恶劣地，严重地;非常,恶劣地；非常
918,12,badge,0,n.徽章，标记，标识;象征,徽章；标记；象征
919,12,badminton,0,n.羽毛球,羽毛球
920,12,baggage,0,n.行李，思想包只，心理负担,行李
921,12,bail,0,n.保释金，保释v人允许保释（某人);（尤指迅速地)离开,保释金；离开
922,12,abdomen,0,n.腹，腹部;（昆虫、蜂蛛或甲壳类动物的)腹部,腹部
923,12,aboard,0,prep.在（船、飞机、火车等)上adv上〔（船、飞机、火车等),在（船、飞机、火车等)上；上船、飞机、火车等)
924,12,abound,0,vi.非常多，大量存在,大量存在
925,12,above,0,prep.在…上面（但不接触)；超过，高于adv在上面（但不接触)，高于【解】adj.上述的,超过；高于；在上面；上述的
926,12,abrupt,0,adj.突然的，意外的，陡峭的，险峻的;（（举止、言谈等)唐突的，鲁荆的,突然的；意外的
927,12,absurd,0,adj.荒廖的，荒唐的;滑稽可笑的,匾廖的；匾唐的；滑稽可笑的
928,12,abundant,0,adj.丰富的，充分的，充裕的,丰富的
929,12,abuse,0,vt.滥用；虞待，伤害，辱加，上毁谤n.滥用;虐待，辱加,滥用；虞待
930,12,cab,0,n.出租马车，出租汽车，计程车,出租汽车
931,12,cabinet,0,n.柜李;内效,柜橱；内阔
932,12,cable,0,v.拍电报nm电报;电缆，缆，索，钢丝绳【解】n.有线电视,电报；电缆；有线电视
933,12,calendar,0,n.日历，月历,日历
934,12,calorie,0,n.卡（路里)[热量单位],卡（路里)
935,12,damage,0,vt.损害，毁坏。n.损害，毁坏，伤害，损害赔偿费,损害；毁坏；伤害
936,12,damn,0,adj.该死的n.一点点，丝毫adv非常vt.(指上帝)罚（某人)入地狱受罪，严厉地批评(某事物)，表示厌烦，愤怒等,该死的
937,12,damp,0,adj.有湿气的，潮湿的vt.（=dampen)(使)减弱，抑制,使)减弱
938,12,eager,0,adj.渴望的，热切的,渴望的；热切的
939,12,ear,0,n.耳洒，听力;穗,耳条
940,12,earnest,0,adj.认真的，诚介的,认真的；诚介的
941,12,earth,0,n.世界，地球（其前面应加the)，泥土，土壤，陆地，大陆,地球；泥土；土壤；陆地
942,12,ease,0,v.沽轻，使舒适，使安心_n.容易，舒适，悠闲,减轻；容易；舒适
943,12,east,0,n.（通常加the)东，东方。adj.东方的，从东方来的adv在东方，向东方;（指风)从东方,东；东方；东方的
944,12,ebb,0,n.退潮，落潮，衰退，衰落vi退潮，落漳，衰退，衰落，减少,退潮；衰退；减少
945,12,fable,0,n.寅言,寓言
946,12,fabulous,0,adj.极为巨大的，极好的，绝妙的，寓言中的，神话的,极好的；绝妙的
947,12,facilitate,0,vt.使变得（更)容易，使便利,使便利
948,12,facility,0,n.灵巧，熟练，(for)天资，天赋，才能，设备，设施,设备；设施
949,12,faculty,0,n.才能，学院，系;（学院或系的)全体教学人员【解】n.天赋，能力,(学院或系的)全体教学人员；天赋；能力
950,12,gang,0,"n.二帮-和群,-优",一帮；一伙
951,12,gaol / jail,0,n.监狱v监禁某人,监狱；监禁某人
952,12,garage,0,n.车库，飞机库，修理厂,车库
953,12,garbage,0,n.垃圾;无用信息，无聊的话,垃圾
954,12,gas,0,n.气体，煤气;汽油,气体；煤气
955,12,gasp,0,n.喘气，喘息vi喘息，喘着气说出（或发出)；(for)渴望,器息；喘息；喘着气说出（或发出)
956,12,gather,0,v（使)聚集，育拢，搜集，收集；采集;收获，认为;猜想，推煌，理解,聚集；育拢；搜集；收集；采集
957,12,gauge,0,"n.测量仪器（或仪表)，计量器；宽度，厚度;（铁道的)轨距,(火车的)轮距;（用于判断的)事实，依据，标准，尺度v判定，判断，评价（人物);（用仪器)测量;估计，估算",标准；判断；测量
958,12,gay,0,adj.快乐的，愉快的，同性恋的,快乐的；同性恋的
959,12,gaze,0,v/n.凝视，注视,凝视；注视
960,12,gear,0,n.齿轮，传动装置，(排)档v(to)使适应，使适合,使适合
961,12,gender,0,n.[语法]性，性别,性别
962,12,hail,0,v.欢呼，喝彩，招呼，下起，迅而狐地落下【解】v.赞扬n.者，冰起;来得又多又猛的事物,欢呼；针扬
963,12,hall,0,n.礼堂，办公大楼，门厅,礼堂
964,12,halt,0,n.（（行进中的)暂停前进，中止，终止vv(行进中的)暂停前进,暂停前进
965,12,hand,0,n.手指针，人手，职工，船员vt.交给，传递,手；指针；交给；传递
966,12,handbook,0,n.手册，指南,手册；指南
967,12,handful,0,n.一把，少数，一人小报,少数；一小报
968,12,handle,0,n.柄，把手，拉手。v.处理，对待，操纵，触，摸，抚型,处理；对待；操纵
969,12,handy,0,adj.手边的，附近的;方便的,方便的
970,12,hang,0,v.悬挂，垂吊，(hanged，hanged)吊死，绞死,悬挂；看郧
971,12,ham,0,n.火腿，火腿肉，禾脚演员，业余爱好者adj.火腿肉的;（演员)整脚的，业余无线电收发报的v(hammed，hamming)演得不自然，作过火表演,火腿
972,12,hammer,0,v.锤击，敲打_n.铁锤，郴头,敲打；铁锤
973,12,ice,0,n.冰vv使结冰,冰
974,12,idiom,0,n.成语，习语;方言,成语；习语
975,12,idle,0,adj.闲散的，闲置的，空闲的;无根据的，无理由的;无用的，徒然的,闲散的；无用的
976,12,if,0,conj.如果，假使，是否,如果；假使；是否
977,12,ignite,0,"点燃，使诬烧;激起,使洲动",激起
978,12,illegal,0,adj.不合法的，非法的,不合法的；非法的
979,12,illiterate,0,adj.文言的，不识字的，未受教育的，不通顺的，行文拙劣的;（对某学科)缺乏知识的，外行的。n.文言,文言的
980,12,illuminate,0,"照明，照亮，解释;启发,启迪",解释
981,12,jam,0,n.阻塞，拥挤；果酱vt.使阻塞，使卡住不动,阻塞；拥挤；果桨
982,12,jargon,0,n.行话,行话
983,12,jaw,0,n.颌，下巴，蜂;危险的局面，险境，令人不快的情形v闲谈，唆喉不休,颌；下巴；显
984,12,jealous,0,adj，(of)妒忌的，猜疑的，警惕的,妒忌的
985,12,jet,0,n.喷气发动机，喷气式飞机，喷口，喷嘴vi.喷出，喷射,路气式飞机
986,12,jewel,0,n.宝石，宝石饰物,宝石
987,12,jewel le ry,0,n.（总称)珠宝,珠宝
988,13,naked,0,adj.裸体的，无掩饰的,裸体的；无掩饰的
989,13,nail,0,n.钉子:指甲，爪vt把…钉上，钉牢，钉住，使固定，使不动,钉子；指甲
990,13,naive,0,adj.天真的，幼稚的;朴素的,幼稚的
991,13,namely,0,adv.即，也就是,即；也就是
992,13,nap,0,n.小睡，打上胰,小睡；打上胰
993,13,naughty,0,adj.不听话的，坏的，惹麻烦的，刺激人的,不听话的；坏的
994,13,keen,0,adj.锋利的，敏锐的，敏捷的，(on)热心的，泡望的,热心的；沁望的
995,13,keyboard,0,n.（（钢琴、电脑等的)键盘v用键盘输入;将（信息)键入计算机,键盘
996,13,labor / labour,0,n.工作，劳动，劳工，劳方（总称)，分娩，阵痛v劳动;苦干【解】n.（英国)工党,工作；劳动；(英国)工党
997,13,lace,0,n.花边，带子，鞋带vt.系牢，系紧,花边；鞋带；系牢
998,13,lack,0,n./vt.缺乏，不足,缺乏；不足
999,13,lad,0,n.男孩，小伙子,男孩；小伙子
1000,13,lamb,0,n.盖羊，小羊，羔羊肉,
1001,13,lame,0,adj，（(人或动物)桨的，踊的;(借口、解释等)无说服力的，站不住脚的，有人缺陷的,无说服力的；站不住脚的
1002,13,machine,0,n.机器，机械vt.用机器加工，机制,机器；机械
1003,13,machinery,0,n.（总称)机械，机器;机构，组织，系统，体制,机械；机器
1004,13,mad,0,adj.发疯的;狂热的，着迷的，生气的,狂热的；着迷的
1005,13,madam,0,n.(sing.)(尊称)女士;夫人；小妇人，自以为是的小姑娘，(妓院的)鸥母，老鸣,女士；夫人
1006,13,magic,0,n.魔法，魔术，戏法adj.有魔力的，魔术的,魔法；魔术；有魔力的
1007,13,magistrate,0,n.（（兼掌司法权的)行政长官，地方执法官,地方执法官
1008,13,magnet,0,n.磁铁，吸铁石，有吸引力的人（或物),磁铁
1009,13,magnetic,0,adj.有磁性的，有吸引力的,有磁性的
1010,13,maiden,0,"n.少女，处女adj.,未婚的，纯洁的，处女的，无经验的，首次的",少女；首次的
1011,13,main,0,adj.主要的，最重要的n，(自来水、煤气等的)总管道，(电流的)干线,主要的；最重要的
1012,13,mainland,0,n.大陆,大陆
1013,13,oar,0,n.浆，构,桨
1014,13,oath,0,日np五n.折言，宣拆，咒骂，诅咒语,耕言；贺吕
1015,13,obedience,0,n.服从，顺从,服从
1016,13,obedient,0,adj.服（顺）从的,服（顺）从的
1017,13,obey,0,v.服（遵)从，听由，听从摆布,服(遵)从
1018,13,obesity,0,n.肥胖，肥胖症,肥胖；肥胖症
1019,13,pack,0,n.包，包庄;(一)群，(一)队，大量（v.捆扎，打包，塞满，挤满,捆扎；打包；塞满；挤满
1020,13,package,0,n.包装，包襄，箱，一整套东西，一揽子交易v捆扎，打包，装箱,包装；包衷；一揽子交易
1021,13,pact,0,n.合同，契约;（盟、公、条)约,合同；(（嚼、公、条)约
1022,13,pad,0,n.垫，衬热，便签短，拍纸短vv（用软物)填塞，填衬，拉长，虚报【解】v.放轻脚步走,填塞；放轻脚步走
1023,13,paddle,0,n.短染;桨状物此涉水;用浆划,涉水；用奖划
1024,13,pain,0,n.（（肉体上的)痛，痛苦;努力，劳苦,痛；痛苦；努力；劳苦
1025,13,painful,0,adj.疼痛的，痛苦的,疼痛的；痛苦的
1026,13,paint,0,"油漆颜料v涂，涂漆，描绘,描述",涂漆
1027,13,painter,0,n.漆工画家,画家
1028,13,pair,0,n.一对，一双，一副v成对，配对,一对；一双；一副；成对；配对
1029,13,pale,0,adj.蔡（亦)白的;淡的，暗淡的,苍（灰)白的；暗淡的
1030,13,palm,0,mn手掌，掌状物，标相,手掌
1031,13,pamphlet,0,n.小册子,小册子
1032,13,panic,0,n.恐慌，惊慌,恺慌；惊慌
1033,13,pant,0,v.和气喘，和气喘吁吁地说话（或奔跑)；渴望nm.气喘，喘息,气喘；气喘吁吁地说话（或奔跑)
1034,13,paper,0,n.文件，文章，论文v禄糊,论文
1035,13,paperback,0,n.平装本，纸面本,平装本
1036,13,parachute,0,n.降落伞跳伞,跳全
1037,13,parade,0,"n.游行，检阅v（（使)列队行进,（（使)游行",（使)游行
1038,13,paradigm,0,n.和典范，范例，样式,典范；范例；样式
1039,13,paradise,0,n.天堂，乐园，极美的地方,天堂；乐园
1040,13,paradox,0,n.自相矛盾（的情况)，悖论，似非而是的论点（售语),自相矛盾（（的情况)；迟论
1041,13,parameter,0,n.参数;（限定性的)因素，范围，界限,参数；范围；界限
1042,13,parasite,0,n.寄生虫，依赖他人过活者,寄生虫；依赖他人过活者
1043,13,parcel,0,n.包襄，邮包vv（up)打包，捆扎,包训；邮包
1044,13,pardon,0,n.原该，宽恕，请再说一遍，v.原谅，宽恕，赦免,原谅；地免
1045,13,parliament,0,n.国会，议会,国会；议会
1046,13,sack,0,mn麻袋，纸袋，塑料袋，[the一][D]开除，解雇。v.开除，解雇,解雇
1047,13,sacred,0,adj.神圣的，宗教（性)的，神圣不可侵犯的，庄严的,神圣的
1048,13,sacrifice,0,n.献祭，供泰，祭品，供品;牺牲，放弃v牺牲，献出,牺牲；献出
1049,13,saddle,0,n.蒂，马鞍，鞍状物【解】v.使承担，使负担,使承担；使负担
1050,13,sample,0,n.样品，标本vt.抽样试验，抽样调查（可引申为品党、体验,样品；抽样试验
1051,13,sanction,0,n.批准，同意，制裁认可，支持，赞许批准，同意，认可,制裁；批准
1052,13,sandwich,0,n.三明治，夹肉面包vt.夹入，挤进,三明治；夹入
1053,13,sane,0,adj.心智健全的，神志正常的，明智的，稳健的，理智的,心智健全的；明智的；理智的
1054,13,sarcastic,0,adj.讽刺的，嘲笑的，挖苦的,讽刺的；挖苦的
1055,13,satellite,0,n.卫星，人造卫星,人造卫星
1056,13,ugly,0,adj.丑陋的;丑恶的，讨厌的,丑陋的；讨厌的
1057,13,ultraviolet,0,adj.紫外（（光、线)的,紫外（光、线)的
1058,13,umbrella,0,n.伞，保护合【解】n.（包含多个部分或要素的)综合体，总体,保护全；综合体；总体
1059,13,unanimous,0,adj.全体一致的，一致同意的,全体一致的；一致同意的
1060,13,uncover,0,vt.揭开，揭露，揭开…的盖子,揭露
1061,13,vacant,0,adj.（职位、工作等)空缺的，未被占用的，空虚的，茫然的,空缺的
1062,13,vacation,0,n.休假，假期,假期
1063,13,vaccine,0,n.疫苗，菌苗,疫苗
1064,13,vacuum,0,n.真空，真空吸尘器,真空
1065,13,valve,0,n.闪;（英)电子管，真空管，心脏瘀膜,阀；电子管
1066,13,waggon,0,"n,.运货马车，运货车，敞篷汽车",运货马车；运货车
1067,13,waist,0,n.腰，腰部,腰；腰部
1068,13,wake,0,"v.醒来，醒着，唤醒，觉醒，醒悟;（使)认识到,（使)意识到，激起，唤起",醒来；唤醒
1069,13,waken,0,v.醒来，睡醒，使觉醒，激发，引起,睡醒；使觉醒
1070,13,X-ray,0,nX射线，X射线照片v用X光线检查、治疗或拍摄,X射线；用X光线检查
1071,13,yard,0,"mn院子,场地;得",院子；场地
1072,13,yawn,0,v.打哈欠n.哈和欠;乏味的事情,打哈欠；乏味的事情
1073,13,yearly,0,adj.每年的，一年一度的adv每年，一年一度,一年一度的；一年一度
1074,13,yell,0,vi(Cat)喊，大叫,喊；大叫
1075,13,yet,0,adv.尚，还，仍然conj.然而，而，但是,还；然而；但是
1076,13,zeal,0,n.热心，热忧，热情,热心；热忱；热情
1077,13,zero,0,n..零，零点，零度v将注意力集中于某人（（某事物)上,将注意力集中于某人（（某事物)上
1078,13,zip,0,n.拉链;尖啸声，咕，精神，精力，活力vt.拉开或拉上;突进，直神,精力；活力
1079,13,agency,0,n.代理（处),代理（处)
1080,13,agenda,0,n.议事日程,议事日程
1081,13,agony,0,"n.苦恼,（极大的)痛苦",苦恼，(极大的)痛苦
1082,14,bath,0,n.洗澡，淋浴;浴室(池、贫)vv(给)…洗澡,洗澡；浴室(池、盆)；（给)…洗澡
1083,14,bathe,0,"v.漫，洗，弄湿，游泳,洗漆",弄湿；游泳；洗澡
1084,14,batch,0,n.一批，一组，一群,一批；一组
1085,14,acquaint,0,Vt.使认识，使了解,使了解
1086,14,acquaintance,0,n.熟悉，了解，熟人，相识的人,了解；熟人；相识的人
1087,14,across,0,prep.横越，穿过;在…对面;与…交叉。adv.横过，从一边到另一边;宽,穿过；横过；从一边到另一边
1088,14,satisfaction,0,"n.满意，满足，乐事,愉快",满意；满足
1089,14,satisfactory,0,adj.令人满意的，可喜的，恰当的,令人满意的
1090,14,satisfy,0,vt.满意，使满意，使确信【解】vt.满足（要求、需要等),使满意；满足
1091,14,satire,0,"n,讽刺，讽刺作品",讽刺；讽刺作品
1092,14,saturate,0,\必使饱和，浸透，使充满,使饱和；使充满
1093,14,sauce,0,n.酱汁，调味眷，无礼，其撞,无礼
1094,14,saucer,0,"n.共托,磺子",碟子
1095,14,sausage,0,n.香肠，腊肠,香肠
1096,14,saw,0,n.饮子，锯床vt.锅，句开,锯子；锯开
1097,14,scan,0,v/n.细看，审视;浏览，扫描,细看；审视；浏览
1098,14,scandal,0,n.民愤，公俩，引起公愤的举动;丑行，丑闻，诽谤,丑行；丑闻
1099,14,scar,0,n.疤，疤痕，精神上的创伤,疤痕；精神上的创伤
1100,14,scarce,0,adj.缺乏的，不足的，稀少的，罕见的,缺乏的；不足的；稀少的
1101,14,scarcely,0,adv.几乎不，简直没有，揭强；决不,几乎不
1102,14,scare,0,v/n.惊吓，恺惧,惊吓；恐惧
1103,14,scarf,0,n.围巾，头由,围巾
1104,14,scatter,0,v.撒，撒播;（使)散布在各处，消散，驱散,（使)散布在各处
1105,14,scenario,0,n.设想，可能发生的事，可能出现的情况，[电影、戏剧等的]剧情梗概，剧本,可能发生的事
1106,14,scent,0,n.气昧，香味;香水,气味
1107,14,scholar,0,n.学者,学者
1108,14,scholarship,0,n.奖学金，学问，学识,奖学金；学问；学识
1109,14,school,0,n.（（中、小)学校，上学（阶段)，上课时间;（大学里的)学院，系;艺术)学派，流派;（鱼、鲸、海豚等的)群（=shoal)v.训练，锻炼;对儿童的)教育，培养,学校；学院；系；学派；教育；培养
1110,14,tablet,0,n.药片;碑，区【解】n.平板电脑,药片；平板电脑
1111,14,taboo,0,n.（文化或宗教习俗方面的)禁忌，鼠讳，戒律，禁止，避讳,禁忌；忌讳
1112,14,tackle,0,n.用具，装备；滑车，滑轮;钓具;擒抱，阻挡v对付，处理，解决，与…交涉,处理；解决
1113,14,tactic,0,n.策略，手段，招数，战术，兵法,策略；手段；战术
1114,14,tag,0,"和标签,货签",标签
1115,14,tailor,0,n.裁锋vt经制，针对特定目的做修改，使适应,裁缝；针对特定目的做修改
1116,14,tale,0,n.故事，传说,故事；传说
1117,14,tame,0,adj.平淡的，枯燥乏味的;驯化的，驯服的，温顺的v台化，驯服;控制并利用；控制，抑制,驯化；驯服
1118,14,tan,0,n.棕黄色，黄褐色v晒成棕褐色adj.棕黄色的，棕褐色的,晒成棕褐色；棕褐色的
1119,14,tangible,0,"adj.(常用于名词前)有形的，实际的，真实的;可触摸的,可触知的，可感知的",有形的；实际的；真实的
1120,14,tangle,0,"v.绞在一起,(使某物)乱作一团。n.混乱状态",(使某物)乱作一团
1121,14,tank,0,n.坦克，负，槽，箱,坦克；铅；箱
1122,14,tanker,0,n.油船，油轮，油饶车，坦克手,油轮
1123,14,tap,0,n.（（水、煤气等管道或容器的)龙头，阀门，塞子，轻扣，轻拍v轻扣，轻敲;窃听【解】v.利用;开发,龙头；利用；开发
1124,14,tape,0,n.带（子)，录音带，磁带v录音，系，搁,带子)；磁带
1125,14,tariff,0,"n.税率，关税;收费（表),（旅馆或饭店等)价目表",关税
1126,14,tax,0,n.税（款)，负担，重负vt.对…征税，使负重担，指责，批评,税(款)
1127,14,undergraduate,0,n.大学本科生,大学本科生
1128,14,underground,0,adj.地下的，地面下的;秘密的mn.地铁;（反抗敌人或反政府的)地下组织，秘密组织adv在地下;秘密地,地下的；秘密的；在地下；秘密地
1129,14,undermine,0,vt.在…下挖，暗中破坏，逐渐损害（或削弱),暗中破坏；逐渐损害（或削弱)
1130,14,underneath,0,prep.在…下面adv在下面，在底下,在…下面；在下面
1131,14,van,0,n.有短货车，(铁路的)行李车;[军]先头部队(或舰队)，[喻]前驱，先锋，领导者,有血货车；领导者
1132,14,vanity,0,n.虚荣心，浮华,虚荣心
1133,14,vapor,0,n.潮气，水汽，蒸汽,水汽；蒸汽
1134,14,vegetarian,0,n.素食者，素食主义者,素食者；素食主义者
1135,14,vegetation,0,n.植物，草森,植物；草木
1136,14,vehicle,0,n.车辆，交通工具，媒介，载体,车辆；交通工具
1137,14,cash,0,n.现款，现金vt.兑现，付（（收)现款,现款；现金；兑现
1138,14,cashier,0,n.收银员，出纳员,收银员；出纳员
1139,14,catalogue,0,n.目录（册),目录（（册)
1140,14,catastrophe,0,n.突如其来的大灾难或大灾祸,突如其来的大灾难或大灾祸
1141,14,dead,0,adj.死去的，已故的，麻木的，无感觉的,死去的；麻木的
1142,14,deadline,0,"n,.截止日期，最后期限",截止日期；最后期限
1143,14,deadly,0,adj.致命的，非常的,致命的
1144,14,deaf,0,adj.玖的;不愿听的,合的；不愿听的
1145,14,dean,0,n.教长，主任牧师，(在某些大学中的)学监，系主任【解】n.（（大学)院长,系主任；（大学)院长
1146,14,edible,0,adj.可以吃的，可食用的,可食用的
1147,14,edit,0,vt.编辑，主编，剪辑,编辑；剪辑
1148,14,edition,0,n.版，版本，版次,版本；版次
1149,14,editor,0,n.编辑，编者,编辑
1150,14,editorial,0,adj.编辑的n.社论，社评,编辑的；社论
1151,14,fake,0,n.扶品，假消息，假动作，骗子，冒充者adj.假的，伪造的v伪造（某物);假装，伴装,假的；伪造的
1152,14,false,0,adj.廖误的，虚伪的，假的,虚伪的
1153,14,fame,0,n.名声，名望,名声；名望
1154,14,familiar,0,adj.熟悉的，通晓的，亲近的，过分冒昧的，随便的,通晓的；亲近的
1155,14,family,0,n.家，家庭成员（常用复数)；氏族，家族，族，科,家；家庭成员；氏族；家族
1156,14,famine,0,n.饥荒，饥饿,饥荒
1157,14,fantastic,0,adj.奇异的，异想天开的;极好的,奇异的；异想天开的；极好的
1158,14,fantasy,0,n.约想，想象,约想；想象
1159,14,reassure,0,此便一安犀，使恢复信心,使…安心
1160,14,rebel,0,vi.反抗，反叛，起义nm.反叛者，叛乱分子,反抗；反叛
1161,14,rebellion,0,"mn叛乱,反抗,直义",叛乱；反抗
1162,14,recede,0,vi.后退，退缩;缩小;收回意见;（价值、品质等)跌落，低落,后退；缩小
1163,14,receipt,0,n.收据，发票，收到，接到,收据；收到
1164,14,reception,0,n.接待，招竺会，接收（效果),接待；接收（效果)
1165,14,recession,0,n.经济衰退，经济萎缩，退后，撤回,
1166,14,recipe,0,"训馆法，食谱;诀窍,方法",食谱；诀穿
1167,14,recipient,0,n.接受者，领受人,接受者；领受人
1168,14,reciprocal,0,adj.相互的，交互的，互惠的，对等的，相同的，相等的,相互的；互惠的
1169,14,recite,0,v.背诵，朗诵,背诵；朗诵
1170,15,sob,0,v/n.典泣，鸣咽,典泣；鸣咽
1171,15,sober,0,"adj,未醇的;冷静的，清醒的，认真的，审慎的",冷静的；清醒的；认真的
1172,15,software,0,n.软件,软件
1173,15,soil,0,n.泥土，土壤;国土，国家v和错脏，开污，损害，焉污,泥土；土壤；措脏；正污
1174,15,solar,0,adj.太阳的，日光的，太阳能的,太阳的；太阳能的
1175,15,sole,0,adj.单独的，唯一的,单独的；唯一的
1176,15,solemn,0,adj.庄严的，隆重的，严肃的,庄严的；隆重的；严肃的
1177,15,solid,0,adj.固体的，实心的;结实的，稳固的，可靠的nm.固体,固体的；稳固的；可靠的
1178,15,solidarity,0,n.团结一致，共同责任，休戚相关,团结一致
1179,15,solo,0,n.独奏曲adj.单独的,单独的
1180,15,somewhat,0,adv.稍徽，有点儿,稍微；有点儿
1181,15,hierarchy,0,n.等级制度，统治集团，领导层,等级制度；统治集团
1182,15,hijack,0,\必劫持【解】v.控制，操纵,劫持；控制；操纵
1183,15,hike,0,"n.远足，徒步旅行,（价格、价值等的)提高，增加v作远足旅行，作徒步旅行，提高（价格等)",徒步旅行；提高；作徒步旅行
1184,15,historical,0,adj.历史的，历史上的，有关历史的,历史的；历史上的；有关历史的
1185,15,historian,0,n.历史学家,历史学家
1186,15,hinge,0,n.合页，贸链,合页；铵链
1187,15,hip,0,n.恬部，屁股adj.新潮的，赶时艇的,臂部
1188,15,hire,0,n.雇佣，租借。v.雇用，租借,雇用；租借
1189,15,insert,0,vt.揪入，嵌入,插入
1190,15,inside,0,adj.里面的，内部的，内幕的adv在里面，在内部mn.内部，里面，内侧prep.在…里，在…雁,内部；内侧；在…里；在…内
1191,15,insight,0,n.洞察力，见识【解】n.深入了解;深刻的见解,见识；深入了解；深刻的见解
1192,15,insist,0,vi(on)坚决要求，坚决主张，坚持,坚决要求；坚持
1193,15,inspect,0,\视察;检查，调查,检查
1194,15,inspiration,0,"nm灵感鼓撩,激励",鼓舞
1195,15,inspire,0,v.鼓舞，激起;使产生灵感，促使，导致,吉舞；使产生灵感
1196,15,lick,0,vtn酬【解】v.打败（某人),洁；打败（某人)
1197,15,lid,0,n.盖，盖子,盖；盖子
1198,15,lie,0,n.谎话，谎言vi说谎，躺，平放；位于,谎言；庙；平放；位于
1199,15,life,0,n.生命，生物，人生，生活,生命；生物；生活
1200,15,lifetime,0,n.一生，终生【解】n.寿命，使用期限,一生；寿命；使用期限
1201,15,lift,0,v.提，举;解除，升起，消散mn.电梯；升降机,举；解除；升起
1202,15,merchandise,0,n.商品，货物,商品；货物
1203,15,merchant,0,n.商人，批发商,商人；批发商
1204,15,mercury,0,n.汞，水银,未；水银
1205,15,mercy,0,"nn怜例，宽息，仁荐;在运,伐寺",宽恕；仁慈
1206,15,merge,0,v.合并，并入，结合，融合,合并；结合
1207,15,merit,0,mn长处，优点，价值，动绩，荣誉，奖赏此值得;应受,长处；优点；价值；功绩
1208,15,merry,0,adj.欢乐的，愉快的,欢乐的；愉快的
1209,15,metal,0,n.金属，人金属制品,金属
1210,15,metaphor,0,n.隐喻，暗喻,暗喻
1211,15,metre / meter,0,n.米，公尺[缩m]:（诗的)韵律，格律，拍子,米
1212,15,metric,0,adj.米制的，公制的，十进制的，度（测)量的【解】n.衡量标准,米制的；公制的；衡量标准
1213,15,metropolitan,0,adj.首都的，主要都市的,首都的；主要都市的
1214,15,none,0,pron.没有人人，没有任何东西;…中任何一个都不，谁也不，哪个都不adv一点儿也不,没有任何东西；哪个都不；一点儿也不
1215,15,nonsense,0,nm胡说，废话，无意义的言谈或文字,胡说
1216,15,oral,0,adj.口头的，口述的,口头的
1217,15,orbit,0,n.轨道v使沿轨道运行,轨道；使沿轨道运行
1218,15,order,0,n.命令;次序，顺序，订购，订货单，等级v制定，订购,命令；顺序
1219,15,orderly,0,adj.整齐的，有秩序的，有条理的mn.（医院的)勤杂工，勤务兵,整齐的；有秩序的；有条理的
1220,15,ordinary,0,"adj,.普通的，平凡的，平常的",普通的；平凡的；平常的
1221,15,orient,0,"n.东方，[总称]东方国家v使适应，使熟悉,给…定向（位)，以…为目的,重视",给…定向（位)
1222,15,oriental,0,adj.东方（国家)的，东方人的,东方（国家)的；东方人的
1223,15,orientation,0,n.定向，确定方位;方向，目标;（（某人在信仰或偏好上基本的)态度，取向;（任职等前的)培训，训练，熟悉情况，迎新会,确定方位；方向；取向
1224,15,pop,0,n.(发出)秤的一声;现代流行风格(尤指音乐的)adj.流行的;通俗的;民众的v(使)劈哟作响,现代流行风格
1225,15,pope,0,n.（（天主教的)教皇，教宗,教皇；教宗
1226,15,popular,0,adj.流行的，通俗的，大众的;广受欢迎的，有名的,流行的；大众的；广受欢迎的
1227,15,porcelain,0,n.资，瓷器adj.精制的，瓷制（器)的,瓷器；瓷制（器)的
1228,15,portable,0,adj.便于携带的，手提的，轻便的,便于携带的；手提的；轻便的
1229,15,porter,0,n.搬运工人，门房,搬运工人
1230,15,portfolio,0,n.文件夹，公事包;（求职时用以证明资历的)作品，整套照片;（个人或机构的)投资组合，有价证券组合;（大臣或部长的)职责，职务;（公司或机构提供的)系列产品，系列服务,投资组合；职责；职务
1231,15,portrait,0,n.肖像，画像,肖像
1232,15,portray,0,vt.描绘，描述，为基人画像，[戏剧]扮演，饰演,描绘；扮演
1233,15,post,0,v.贴出;宣布，公告投寄，邮寄n.（（支)柱，标杆;起点或终点标志;邮政，邮寄；职位，岗位，哨所,宣布；公告；邮寄；邮政；职位
1234,15,postage,0,n.邮费，邮资,邮费
1235,15,poster,0,n.招贴画)，海报，广告,海报
1236,15,j Pran n,0,n.邮递员,邮递员
1237,15,postpone,0,\t.延迟，延缓，延期,延迟；延缓；延期
1238,15,posture,0,n.姿势，态度，看法，心情，心境v摆姿势，故作姿态,姿势
1239,15,remnant,0,n.残（剩)余，遗迹，遗风，幸存者adj.剩余的，残留的,残(剩)余
1240,15,renaissance,0,n.文艺复兴，文艺复兴时期，任何类似的复兴，再生adj.文艺复兴式的,文艺复兴；文艺复兴时期；任何类似的复兴
1241,15,renew,0,v.更新，恢复，更换，补充，加强，重新开始，继续进行，续借，延期【解】v.重申，重复强调,更换；重新开始；重申；重复强调
1242,15,renovate,0,vt.革新，更新，修复，整修,更新；修复
1243,15,rent,0,n.租金vt.租，租赁,租金；租
1244,15,repair,0,vt.修理，人和修补，补救，偿还nm.修理，修补,修理；修补
1245,15,repay,0,v.付还，偿还，报答,偿还；报答
1246,15,repeat,0,"\沪重复，重说，重做mn,重复【解】v.再次发生，重复发生",重复；重做；再次发生；重复发生
1247,15,repeatedly,0,adv.重复地，再三地,重复地；再三地
1248,15,repel,0,vt.击退，抵制，排斥，使厌恶【解】v.拒绝（某人/某事物),击退；拒绝（某人/某事物)
1249,15,repertoire,0,n.(准备好演出的)节目，保留剧目;(美)(某个人的)全部技能，所有组成部分,节目；保留剧目
1250,15,repetition,0,n.重复，反复,重复
1251,15,tire,0,v（（使)疲倦，(使)厌倦n.轮胎,轮胎
1252,15,tiresome,0,adj.使人厌倦的，讨厌的,使人厌倦的；讨厌的
1253,15,tissue,0,n.织物，沙绢，薄纸;（动、植物的)组织,（动、植物的)组织
1254,15,toil,0,v（长时间)苦干，辛勤劳作；艰难缓慢地移动跋涉n.苦工，劳累的工作,(长时间)苦干；辛勤劳作；艰难缓慢地移动跨涉
1255,15,blade,0,n.刀丸，刀片;叶片，叶身，剑，剑客,刀刃；叶片
1256,15,blame,0,"心责备，责怪，归咎于，负责_n.指责，责备,（过错、事故等的)责任",责备；责怪；归咎于；责任
1257,15,blast,0,n.一阵（风)，一股（气流);（管乐器等的)吹奏，突然发出的响声，爆炸，爆破;猛烈的抒击vt.炸，炸掉，狐烈择击【解】v.计鸣,一股（气流)；爆炸；永鸣
1258,15,blaze,0,n.火焰，烈火，强烈（或眩目)的光;（感情等的)进发，爆发v能能燃烧，冒火焰;发（强)光，放光彩;宣传，传播，进发，爆发,火焰；烈火
1259,16,hop,0,"v.单足跳,（鸟、蛙等)跳耻，作短途短期旅行n.跳跃;短距离飞行;(（非正式的)舞会",单足跳；跳妈；跳跃；短距离飞行
1260,16,hook,0,n.钩，吊钩，钧状物v用钩子钓，钩住,钩，吊钩；钩住
1261,16,hormone,0,n.激素;荷尔蒙,
1262,16,horn,0,n.（牛羊等的)角，和触角，号，喇叭,角；喇叭
1263,16,horrible,0,adj.令人恐怖的，可怕的，极讨厌的，使人不愉快的,极讨厌的
1264,16,horror,0,n.恐怖，战栗,丽怖
1265,16,horsepower,0,n.马力,马力
1266,16,hose,0,v.用软管（淋浇、冲洗)n.水龙管，软管，长简袜,用软管（淋浇、冲洗)；软管
1267,16,instruct,0,"vt,教，指导，命令，指示",教；指导；指示
1268,16,instruction,0,"n,教授，教育，命令，指示，用法说明（书)，操作指南",教授；命令；指示
1269,16,instrument,0,n.工具，仪器，器械，乐器,工具；仪器
1270,16,instrumental,0,adj.仪器的，器械的，乐器的，有帮助的，起作用的,起作用的
1271,16,insulate,0,vt.绝缘，隔音，使隔绝（以免受到影响),绝缘；隔音；使隔绝（（以免受到影响)
1272,16,insult,0,vt.侮厚，辱骂，攻击，袭击nm.侮厚，凌辱，损伤，危害,侮辱；辱骂；侮厚
1273,16,liquid,0,n.液体adj.液体的，液态的【解】adj.流动的,液体；流动的
1274,16,liquor,0,nm酒，烈性酒;汗液汤,酒；烈性酒
1275,16,litter,0,n.乱七八糟的东西，杂物，废弃物;(（一)窟;担架v乱扔，(指动物)下叫，产仔,废弃物；乱扔
1276,16,miracle,0,n.奇迹，令人惊奇的人（或事),奇迹
1277,16,mirror,0,n.镜子;反映，反射vt反映，反射，映照,镜子；反映
1278,16,mischief,0,n.损害，伤害，危害，恶作剧，的蛋，胡阅,损害；伤害；恶作剧
1279,16,misfortune,0,"n.不幸,灾祸,灾难",不幸；灾难
1280,16,miss,0,"v.未击中，错过，没达到，想念,情念",未击中；错过；没达到；想念
1281,16,missile,0,n.导弹，发射物,导弹；发射物
1282,16,missing,0,adj.漏掉的，失去的，失踪的,失踪的
1283,16,mission,0,n.任务，使命，传教，布道，使团，代表团,任务；使命
1284,16,missionary,0,n.传教士adj.传教的，传教士的,传教士
1285,16,nuclear,0,adj.原子的，核能的;核心的，中心的,核能的；核心的；中心的
1286,16,nucleus,0,n.核，核心，中心【解】n.细胞核,核；细胞核
1287,16,preclude,0,vt，(from)阻止某人做某事,阻止某人做某事
1288,16,predominant,0,adj.占优势的，居支配地位的，主要的，突出的,占优势的；居支配地位的；主要的
1289,16,pregnant,0,adj.怀孕的，孕育的，重要的，富有意义的，富于成果的,怀孕的
1290,16,rest,0,n.休息，睡眠，停止，静止，剩余部分，其余；[the一]其余的人或物)v.休息，睡;放，靠，搁在,剩余部分；其余的人（或物)；放；绯；搁在
1291,16,restless,0,adj.得不到休息的，不平静的，不安的，坐立不安的,得不到休息的；坐立不安的
1292,16,spray,0,n.浪花，水花;喷雾，喷雾状物v喷，喷射，扫射,距；喷射
1293,16,spring,0,n.春，春天，跳，跃，泉，源泉;弹簧，发条_v(sprang，sprung)跳，跳跃,春天；泉
1294,16,sprinkle,0,v.心酒，喷，淋,洒，喷
1295,16,sprout,0,v.抽条，发菠，长出;迅速成长，迅速出现n.新芽，嫩枝,发芽；迅速出现；新芽
1296,16,square,0,adj.正方形的，平方的，结实的;乏味的，古板的nm.正方形;广场;平方v使成方形，求平方，求…的面积;(使)打成平局;(使)协调一致，贿赂，收买,平方的；正方形；平方
1297,16,squeeze,0,"v.榨，挤；硬挤，硬塞n.榨,挤压，持据，短缺【解】v.给…造成财务困难",榨；挤；硬塞；持据
1298,16,stab,0,n.刺，惟，狐的一击，突发的一阵v刺，惟，刺伤，刺痛,刺；礁；玲
1299,16,stack,0,n.整齐的一登（或一堆);大量，许多t.堆积，堆起,整齐的一登（（或一堆)；堆积
1300,16,stagger,0,v.摇晃，踊中，摇把n.摇冕，蹦勋,摇晃；蹦勋；踊勋
1301,16,stagnant,0,v（（水或空气)不流动而污浊的;停滞的，不发展的，无变化的,停滞的；不发展的；无变化的
1302,16,stagnate,0,v（单独使用的动词)停渤，不发展，不进步,停滞；不发展；不进步
1303,16,trade,0,n.贸易，商业，职业【解】n.行业vv从事贸易，进行交换,贸易；行业；从事贸易
1304,16,trademark,0,n.商标,商标
1305,16,traffic,0,n.交通，交通量【解】n.流量,交通；流量
1306,16,around,0,adv.各处，到处;周围，在附近;大约prep.在周围，在…附近，在…各地,到处；周围；在附近；大约；在周围
1307,16,arrange,0,v.整理，排列，布置!安排，筹备,整理；排列；安排；筹备
1308,16,arrest,0,必还捕，拘留，阻止，抑制,逮捕；拘留
1309,16,arrive,0,"vi.到，来到,达到，得出（与at连用);成名，成就",来到；达到；得出
1310,16,arrival,0,n.到达，到来，到达的人或物【解】n.（（新技术、新想思的)引进;推行,到达；到达的人或物；引进；推行
1311,16,arrogant,0,adj.傲慢的，自大的,傲慢的；自大的
1312,16,arrow,0,n.箭（状物)，箭头（符号),箭；箭头
1313,16,conscience,0,n.良知，良心,良知；良心
1314,16,conscientious,0,adj.认真的，勤勤恳恳的,认真的；勤勤层层的
1315,16,consecutive,0,adj.连续的，串联的，连贯的,连续的
1316,16,consensus,0,n.（（意见等)一致，一致同意【解】n.共识,（意见等)一臻；共识
1317,16,consent,0,n./v.同意，赞同，准许,同意；赞同；准许
1318,16,consolidate,0,v.观固，加强;合并，统一,巩固，加强；合并
1319,16,conspicuous,0,adj.显眼的，明显的，引人注目的,明显的；引人注目的
1320,16,conspiracy,0,n.阴谋活动（尤指共谋犯罪)，阴谋，共谋,阴谋；共谋
1321,16,consult,0,v.请教，与…商量，查阅，查看;(with)商量，商议,请教；商议
1322,16,consultant,0,n.顾问，会诊医师,顾问；会诊医师
1323,16,wipe,0,"v.凶，拭，抹，消灭，使消失n抹,控,找",擦；拭
1324,16,wire,0,n.金属丝，金属线，电线，电话，电报v打电报给，用电报传送【解】v.用金属丝连结，用导线接通,打电报给；用金属丝连结；用导线接通
1325,16,wise,0,adj.有智慧的，聪明的;英明的，明智的,有智慧的；聪明的；明智的
1326,16,wisdom,0,n.智慧，明智，名言，格言【解】n.学问,智慧；学问
1327,16,witch,0,"ni亚淡,长厌",女巫
1328,16,withhold,0,v.拒绝给予（书上给的意思是拒绝我认为是错的)，不给;抑制，制止【解】v.保留，隐瞒,拒绝给予；保留；隐瞒
1329,16,within,0,prep.在…里面，在…以内adv在内部,在…里面；在…以内；在内部
1330,16,withstand,0,vt.经受，承受，顶住，抵搞,经受；承受；抵抗
1331,17,snap,0,n.狐咬，突然折断，劈哟声v狐咬，抓住；刘骂;突然折断，使劈哟地响adj.突然的【解】adj.迅速的,迅速的
1332,17,snatch,0,v.夺得，一把抓住，抓机会做，抽空做mn.和夺取，抢夺,一把抓住；抢夺
1333,17,sneak,0,v.偷偷地走，潜行；（口)偷窃_n.鬼儿崇崇的人，偷偷摸摸的行为,偷偷地走；偷窃
1334,17,a,0,adj.不声不响进行的，偷偷的,
1335,17,sneeze,0,n.喷吐;轻视vi打喷喧,喷呈；打喷听
1336,17,sniff,0,v.用力吸气，噢，闻到,用力吸气；嗅
1337,17,snobbish,0,adj.势力的，自命不凡的,势力的；自命不凡的
1338,17,detective,0,n.侦探,侦探
1339,17,detector,0,n.探测器,探测器
1340,17,deviate,0,v(from)背离，偏离,背离；偏离
1341,17,devil,0,n.魔鬼,魔鬼
1342,17,devote,0,vt.将…献给（to);把…专用于（to),将…献给(to)；把…专用于（to)
1343,17,fix,0,v.使固定，安装，确定，决定【解】v.修理;调整安排,使固定；安装；确定；修理；调整；安排
1344,17,fixture,0,n.固定，固定物,固定；固定物
1345,17,flame,0,nm灭焰，火苗，基情;光炸Vi类席,火焰；热情；燃烧
1346,17,flap,0,n.重下物，帽榴，袋盖，人慌乱，紧张（拍打，拍动【解】n.激动,慌乱；紧张；激动
1347,17,flare,0,v(火焰)闪耀，(摇电不定地)燃烧;照耀，(突然)发光;突然发怒（或激动),突然发怒（或激动)
1348,17,flash,0,n.闪光，闪烁v闪光，闪耀，闪现,闪光；闪现
1349,17,flat,0,"adj.平坦的，扁平的;断然的，绝对的;无生气的,乏味的mn.平面,平坦部分【解】adj.价格统一的;租借，租借",断然的；绝对的；乏味的；价格统一的；租借
1350,17,flatter,0,vt.奉承;使高兴,使高兴
1351,17,flavour / flavor,0,n.味，味道，风味vt.使…调味，加味于,味道
1352,17,flee,0,v.逃走，逃掉，逃避，逃离（某人或物);消失,逃走；逃离
1353,17,flesh,0,n.肉，肌肉【解】v（一out)充实，完善,充实；完善
1354,17,flight,0,n.飞翔，飞行，航班，航行，逃跑，溃退，楼梯的一段,飞翔；飞行；航班；逃跑
1355,17,any,0,adj.任何的，一些的;什么pron.任何人，任何东西adv稍，丝毫,任何的
1356,17,anybody,0,pron.任何人，无论谁，重要人物,任何人
1357,17,anyhow,0,adv(=anyway)不管怎样，无论如何;随随便便地，杂乱无章地,杂乱无章地
1358,17,anything,0,pron.不论任何东西;(but)除…以外任何事（物)，根本不（是)n.严重事情，具有重要性的人（或事物)adv.在任何方面，在任何程度上,不论任何东西
1359,17,anyway,0,adv.无论如何,无论如何
1360,17,anywhere,0,adv.到（在)任何地方，无论哪里,到（在)任何地方；无论哪里
1361,17,asset,0,n.资产，财产，有用的资源，宝贵的人（或物)，有价值的人（或事物),资产；财产；有价值的人（或事物)
1362,17,assign,0,vt.分配，委派;指定（时间、地点等),分配；委派；指定
1363,17,assignment,0,n.分配，委派!任务;（（课外)作业,分配；任务;（课外)作业
1364,17,bibliography,0,n.书目，文献目录,书目；文献目录
1365,17,bin,0,n.箱柜,箱柜
1366,17,bind,0,v.捆扎，绑，束缚,捆扎
1367,17,biography,0,n.传记,传记
1368,17,biology,0,n.生物学,生物学
1369,17,bit,0,n.一点，一片，一些【解】n.少量,少量
1370,17,bite,0,"n.一口，(表演，文章等的)影响力，感染力，尖锐，犀利v(bit,bitten)咬，叮",一口；咬
1371,17,bitter,0,adj，（有)苦味的，痛苦的，惨痛的,(有)苦味的；痛苦的
1372,17,bizarre,0,adj.（指态度、容貌、款式等)奇异的，古怪的,奇异的；古怪的
1373,17,coherent,0,adj.一致的，协调的【解】adj.（思想、论点等)合乎逻辑的;清楚易懂的,一致的；合乎逻辑的；清楚易懂的
1374,17,cohesive,0,adj.粘着的，有结合力的,有结合力的
1375,17,coin,0,n.硬币，金属货币沪铸（币)；发明，杜扎（新字等),硬币；铸(币)；发明
1376,17,coke,0,n.焦煤，焦炭，可卡因可口可乐v将（煤)制成焦炭,焦淡；可卡因
1377,17,collaborate,0,vi（（尤指在文艺、科学等方面)合作，协作,合作；协作
1378,17,collar,0,n.衣领;（狗等的)项轿,衣领
1379,17,colonel,0,n.（陆军)上校,（陆军)上校
1380,17,colonial,0,adj.殖民（地)的,殖民（地)的
1381,17,colony,0,n.殖民地;聚集人群，聚居地（区);（（同一处生活或生长的动植物的)群，群,殖民地
1382,17,combination,0,n.结合，联合;化合（物),结合；联合
1383,17,enthusiasm,0,n.热情，热心,热情，热心
1384,17,enthusiastic,0,adj.热情的，热心的,热情的；热心的
1385,17,entire,0,adj.整体的，全部的，完整的,整体的；全部的；完整的
1386,17,entitle,0,vt.给（书、文章等)题名(to)给…权利，给…资格,给（书、文章等)题名;（to)给…权利
1387,17,entity,0,n.实体，存在（物),实体
1388,17,entrepreneur,0,n.企业家;承包人，主办人，促进者,企业家
1389,17,entrance,0,n.入口，门口，进入，入学，入会,进入；入学；入会
1390,17,entry,0,n.进入，入口;(to)通道，记载，条目,进入；入口
1391,17,whale,0,n.鲸，巨大的人或物v捕鲸，殴打，猛击,鲸；巨大的人或物；猛击
1392,17,whatever,0,pron.（引出状语从名或名词从句)无论什么，不管怎样adj.无论什么样的,无论什么；无论什么样的
1393,17,whenever,0,conj.无论何时，随时，每当,无论何时；每当
1394,17,whereas,0,conj.而，却，反之;考虑到…；鉴于,而；却；反之
1395,17,whereby,0,adv.赁此，借以，由于,攒此；借以
1396,17,wherever,0,conj.在任何地方adv究竟在哪里，究竟到哪里，无论在哪里，无论到哪里,无论在哪里
1397,17,whichever,0,pron./adj.无论哪个，无论哪些,无论哪个；无论哪些
1398,17,while,0,conj.（=whilst)当…的时候，在…期间，而，然而;尽管，虽然n.（一段)时间，一会儿vv(away)消磨,当…的时候；在…期间；然而；尽管；一段)时间；一会儿
1399,17,whip,0,n.蒜子v抽打，蒜答，搅打，打成泡沫，偷（某物)【解】n.纪律委员,鞭子；蒜答；纪律委员
1400,17,whistle,0,v.歇口哨，鸣笛nm口哨，汽笛;口哨声，汽笛声,吹口哨；口哨
1401,17,whoever,0,pron.（（引导名词性从句)谁，无论谁，不管谁，完竟是谁,无论谁
1402,18,bloom,0,n.花开（（期)花（共)vv开花;变得健康（或快活、自信);繁荣，兴盛,开花；变得健康（或快活、自信)；繁荣
1403,18,blossom,0,n.花;一片花vi开花【解】vi.繁荣,开花；繁荣
1404,18,blow,0,v(blew，blown)吹响（（乐器、号角);吹，充气，爆炸，爆裂，(保险丝)断掉n.殴打，打击,打击
1405,18,blueprint,0,n.蓝图，设计图，计划,蓝图；设计图
1406,18,blunder,0,vi.(因无知、粗心等而)犯大错;跟跟踊踊地走mn.大错,犯大错；大错
1407,18,blunt,0,adj.钝的，率直的，直言不讳的v（（使)钝，使迟钝，使减弱,率直的；直言不讳的；使迟钝
1408,18,blur,0,n.模糊不清v使模糊，使看不清,使模糊
1409,18,blush,0,v（因害羞、激动、窘困等)脸红;羞愧，发窖n.脸红,脸红
1410,18,praise,0,v.赞扬，称赞n.称赞，痪美，赞美的话,锡扬；称赞；赞美
1411,18,pray,0,v.请求，妓求;祈裤，祈求,祈祷；祈求
1412,18,prayer,0,n.祈裤，实告，裤文,裤文
1413,18,resemblance,0,n.相似，相似处,相似；相似处
1414,18,resemble,0,vt.像，类似,类似
1415,18,reservoir,0,n.水库，蓄水池【解】n.大量储备,水库；蔷水池；大量储备
1416,18,residence,0,n.住处，住宅,住处；住宅
1417,18,resident,0,n.居民，常住者adj.居住的,居民
1418,18,resign,0,v.辞职，引退，听任，顺从，放弃，抛弃,辞职
1419,18,resolute,0,adj.坚决的，果断的,坚决的；果断的
1420,18,resolution,0,"mn坚定，决心;决定，交议;解决,分解",决议
1421,18,resolve,0,v.解决，消除，决定，决心;分解，解析mn决心，决定，决议,解决
1422,18,specimen,0,n.标本，样本,标本；样本
1423,18,spectacle,0,n.景象，奇观，壮观，场面，眼镜，护目镜,奇观；眼镜
1424,18,spectator,0,n.旁观者，观众,旁观者；观众
1425,18,spectrum,0,n.光，光谱;频谱，范围，系列,范围；系列
1426,18,sphere,0,n.球，球体;范围，领域【解】n.阶层,范围；领域；阶层
1427,18,spicy,0,adj.辛辣的，加香料的，有和刺激性的，有趣味的，下流的，粗俗的，刺激的,辛并的；有和刺激性的
1428,18,spill,0,Vv(spilling，spit或spilled)溢出，溅出;摔下，跌下n.摔下，跌下,溢出；溅出
1429,18,spin,0,v(spun或span，spun)纺(线)，纺（纱);旋转；吐丝;结网，编织mn.旋转，自转,旋转
1430,18,spine,0,n.兰柱，书将;（植物或动物的)刺,兰柱；刺
1431,18,spiral,0,n.螺旋，连续升降，陡升或又降adj.螺旋形的，盘旋的，上升的v盘旋【解】v.和急剧增长,急剧增长
1432,18,spirit,0,n.精神，气概，志气，情绪，心情，酒精，烈酒,精神；志气；情绪
1433,18,spiritual,0,adj.精神上的，心灵的,精神上的；心灵的
1434,18,spit,0,v(spat，spat)吐出，吐痰_n.唾液,吐出；唾液
1435,18,spite,0,n.恶意，怨恨v刁难，使恼翁【解】n.(inof)不管，尽管,恶意；不管；尽管
1436,18,splash,0,v.溅泼，溅湿。n.溅，泼【解】n.变动,溅滩；率动
1437,18,splendid,0,"adj.华丽的，精美的，极好的;壮丽的，迎,煌的",极好的
1438,18,split,0,v.辟开，切开，裂开，分裂，分离nn裂口，裂颖，分裂，分化,分裂；分离
1439,18,spontaneous,0,adj.自发的，自然产生的,自发的；自然产生的
1440,18,spot,0,"n.查点，污点，地点，场所v天污，弄脏;发现,认",地点；发现
1441,18,spouse,0,n.配偶（指夫或麦)，夫妇,配偶
1442,18,time,0,v.测定…时间；为…定时;调整，调准,时间；时刻；时期；次；回；倍
1443,18,timely,0,adj.及时的，适时的,及时的；适时的
1444,18,timid,0,adj.胆愤的，情弱的,胆愤的
1445,18,tin,0,n.饶头，锡,饶头；锡
1446,18,tiny,0,adj.极小的，微小的,极小的；微小的
1447,18,tower,0,"n.塔，塔楼，高楼v高笃,上六",塔；塔楼
1448,18,toxic,0,adj.有毒的，中毒的,有毒的
1449,18,wicked,0,adj.缺德的，那恶的，恶劣的，淘气的，顽皮的,那恶的；淘气的
1450,18,width,0,n.宽度，广度,宽度；广度
1451,18,wild,0,adj.野性的，野生的，野蛮的，匾芜的，狂热的，疯狂的【解】n.(the~)野外adv.胡乱地,野生的；野外；胡乱地
1452,18,wind,0,v.绕，缠，包，圳;上发条;迁回，昱晓:迁回而行n.风，汽流;气味，肠气，上骨气，气息;呼吸,绕；蚁赋；风；气息
1453,18,wink,0,n.脖眼，瞬间，一会儿_v妈眼，使眼色；（指光、星)等闪烁,退眼；有退眼；(指光、星)等闪烁
1454,18,arm,0,n.（（手)臂，臂状物v武装，装备,（手)辟；臂状物；武装；装备
1455,18,army,0,n.军队;陆军;-大群,军队；陆军；一大群
1456,18,congratulate,0,vt(on)祝贺，贺喜,祝贺
1457,18,congratulation,0,n.(on)祝贺;贺词,祝寓
1458,18,conjunction,0,n.连接，联合;连词【解】n.（事件的)同时发生,联合；同时发生
1459,18,conquer,0,vt.征服，占领,征服；占领
1460,18,conquest,0,n.征服，战胜,征服；战胜
1461,18,disaster,0,"1天灾,灾难",灾难
1462,18,disastrous,0,adj.灾难性的,灾难性的
1463,18,discard,0,vt.委弃，抛弃,丢弃；抛弃
1464,18,discern,0,n.看出，觉察出识别，区别,看出；觉察出；识别
1465,18,discharge,0,n.批准离开，命令离开；释放;排出，放出;流出;完成;履行v释放；免职，出院，退伍;排出，放出;履行（责任)，清偿债务),免职；排出；放出
1466,18,era,0,n.时代，纪元,时代
1467,18,eradicate,0,\必根除，消灭;杜绝,根除；消灭
1468,18,erase,0,vt.探掉，抹掉，消除,抹掉；消除
1469,18,erect,0,adj.紧直的，垂直的，竖起的vv竖立，使直立架设，建造,建造
1470,18,erode,0,v（常用被动态)侵蚀，腐蚀，风化，逐渐毁坏，削弱，损害,侵蚀；风化；削弱
1471,18,erosion,0,n.侵蚀，腐蚀，磨损，削弱，减少,侵蚀；腐蚀；削弱
1472,18,erroneous,0,adj.错误的，不正确的,错误的；不正确的
1473,18,error,0,n.错误，过失,错误；过失
1474,18,erupt,0,v（（火山、喷泉等)喷发;战争、冲突、危机、问题等)爆发，突然发生,爆发；突然发生
1475,18,escalate,0,v.逐步增长或发展,逐步增长或发展
1476,18,escort,0,n.护卫（（队)，护送，陪伴异性的人（在社交场合)vt.护送某人,护卫（队)；护送某人
1477,18,foam,0,v.起泡沫_n.泡淋,泡沫
1478,18,focus,0,n.焦点，焦距;（活动、兴趣等的)中心v(on)使聚集，集中,活动、兴趣等的)中心；使聚集，集中
1479,18,fog,0,n.雾v雾气笼墨（某物)；有雾气【解】v.使困惑，使变模糊，使混淆不清,使困惑；使变模糊；使混淆不清
1480,18,nourish,0,vt.养育;滋养，施肥于;怀抱（和希望、仇恨等)，塔育，助长，支持,养育；滋养
1481,18,novel,0,adj.新颖的，新奇的_n.(长篇)小说,新颖的；新奇的；（长篇)小说
1482,18,novelty,0,"n,新奇，新颖",新奇；新颖
1483,18,nowadays,0,adv.现今，现在,现今；现在
1484,18,nowhere,0,adv.任何地方都不，哪都没有,任何地方都不
1485,19,apartment,0,"n.（英)房间，套间,(美)公寓",房间；套间；公寓
1486,19,ape,0,n.类人猿v(为了取笑而)模仿;模仿，照搬（别人的做法),模仿
1487,19,apologise / -ize,0,vi.道次，认错,道歉；认错
1488,19,apology,0,n.道炊，杀意，认错,道歉；认错
1489,19,bleak,0,adj.荒凉的，暗淡的;无希望的,暗淡的；无希望的
1490,19,bleed,0,v.出血，流血,出血；流血
1491,19,blend,0,n.混合（物)v.混合，混杂;使混合,混合（物)；使混合
1492,19,bless,0,\必祝福，保佑,祝福
1493,19,comfort,0,n.每适:安奈vt.安奈，使舒适,舒适；安奈
1494,19,come,0,"所出现（于)，位于，开始，辜巧，产生（于)，来（自)，变成,成为",出现（于)；开始；产生（于)；变成；成为
1495,19,comedy,0,n.喜剧，某事物的有趣方面，幽默,喜剧
1496,19,comet,0,n.趋星，扫把星,韦星
1497,19,comic,0,n.喜剧演员，(儿童)连环画册adj.可笑的，滑稽的，喜剧的，有喜剧成分的,(儿童)连环画册；滑稽的；喜剧的
1498,19,commemorate,0,vt.纪念，庆祝,
1499,19,commence,0,v.开始，着手,开始；着手
1500,19,commonplace,0,adj.平凡的;陈腐的【解】n.寻常的事物,平凡的；寻常的事物
1501,19,commonwealth,0,nm共和国，联邦，共同体,联邦
1502,19,commute,0,v.上下班往返；通勤，减刑n.通勤的路程,上下班往返；通勤；通勤的路程
1503,19,diabetes,0,n.糖尿病，多尿证,糖尿病
1504,19,diagnose,0,履诊断，判断,诊断
1505,19,diagram,0,n.图解，图表,图表
1506,19,dial,0,n.钟（（表)面，刻度盘，拨号盘v拨号，打电话,刻度盘；拨号
1507,19,dialect,0,n-方言,方言
1508,19,diameter,0,n.直径，放大率，放大倍数,直径
1509,19,dictate,0,vv指示，命令;口授，使听写【解】v.强行规定;支配，决定，影响,强行规定；支配；决定；影响
1510,19,dictation,0,n.听写，口授,听写；口授
1511,19,diet,0,n.饮食，食物【解】v.节食,饮食；食物；节食
1512,19,differentiate,0,v.使不同，区分，区别,区分；区别
1513,19,dig,0,vi.控，掘,挖，掘
1514,19,digest,0,v.消化（食物);（指食物)被消化_n.摘要，文摘,摘要；文摘
1515,19,digital,0,adj.数字的;数码的,数字的；数码的
1516,19,dignity,0,n(举止、态度等)庄严，尊严,尊严
1517,19,envisage,0,vt.展望，想象;正视，面对（事实等),展望；想象
1518,19,envy,0,vt/n.闵幕，妒忌,羡慕；妒忌
1519,19,equal,0,adj.(to)相等的，平等的，(to)能胜任的，相当的n.（地位)）相等的人，对等的事物vt.等于,（to)相等的；平等的；等于
1520,19,equality,0,n.同等，平等,平等
1521,19,equivalent,0,adj.相等的，相同的_n.相等物，等价物,相等的；等价物
1522,19,equation,0,n.等式，方程式【解】n.（须综合考虑的)影响因素,等式；方程式；影响因素
1523,19,equator,0,n.亦道,赤道
1524,19,float,0,v.浮动，际动n.救生征,际动
1525,19,flock,0,"vi.群集，成群结队n.（一)和群,(禽、畜等的)群，大量，众多",群集；成群结队
1526,19,flood,0,"n.洪水,水灾v(in)涌进，泛滥:淹没",洪水；水灾；泛滥；淹没
1527,19,flow,0,"v.流,流动n流量,济速",流；流动
1528,19,flu / influenza,0,n.流行性感冒,
1529,19,fluctuate,0,v.波动，起伏，涨落;动摇,波动；起伏
1530,19,fluent,0,adj.流利的，流畅的,流利的；流畅的
1531,19,fluid,0,adj.流动的，液体的_n.流体，液体,流动的
1532,19,flush,0,v(水)奔流，脸红;冲洗，兴奋;得意adj.富裕的，充足的，齐平的，同高的,脸红；齐平的
1533,19,fly,0,n.苍蝇，(会飞的)昆虫adj.机灵的，精明的v(flew，flown)（指鸟或昆由)飞，飞翔;飞行，航行，驾驶（飞机等)，操纵（（飞行器等);空运(货物或乘客),苍蝇；飞；飞行；航行
1534,19,microphone,0,"n,.话简，扩音器",话简
1535,19,microscope,0,n.显微镜,显微镜
1536,19,midst,0,n.中间，当中,中间；当中
1537,19,migrate,0,v.移居，迁移;迁徙,移居；迁移；迁徙
1538,19,mild,0,adj.温暖的，温和的，轻微的;（烟、酒)味淡的,轻微的
1539,19,millionaire,0,n.百万富傅，大富豪,百万富翁
1540,19,mill,0,n.作坊，工厂;磨粉机，磨坊,工厂
1541,19,nostalgic,0,adj.怀旧的，乡愁的，令人怀念的,怀旧的
1542,19,notable,0,adj.显著的，值得注意的，著名的,显著的；值得注意的
1543,19,nothing,0,pron.没有什么东西，什么也没有;微不足道的事物adv.一点也不,没有什么东西；什么也没有；微不足道的事物
1544,19,notice,0,"vt.注意到n,通知，通告，注意",注意到；通知；注意
1545,19,notify,0,vt.通知，告知,通知；告知
1546,19,notorious,0,adj.臭名昭著的,臭名昭著的
1547,19,notwithstanding,0,prep./adv.虽然，尽管,虽然；尽管
1548,19,ornament,0,"n.装饰品)，点绥（品)，增添光彩的人（或行动)vt,装饰，点绥",装饰（品)；增添光彩的人或行动)；装饰
1549,19,orthodox,0,adj.正统（宗)的;传统的，符合社会习俗的,正统（宗)的
1550,19,pot,0,n.负，壶,饶；壶
1551,19,pound,0,n.英镑；磅v（连续)猛击，(狐烈)融打，执碎,英镑；磅
1552,19,powder,0,n.粉末，药粉，火药，炸药,粉末；火药
1553,19,represent,0,vv代表，象征表述，描绘，体现，反映,代表；象征；描绘；体现
1554,19,representative,0,n.代表，代理人adj.(of)有代表性的，典型的【解】adj.代议制的,代表；有代表性的；代议制的
1555,19,repression,0,n.镇压，抑制，抑压,镇压；抑制
1556,19,reproach,0,n./vt.责备，指责，斥责，批评,责备；批评
1557,19,reproduce,0,v.生殖，繁殖，翻版，复制，仿造【解】v.再现,繁殖；再现
1558,19,republic,0,n.共和国，共和政体,共和国；共和政体
1559,19,republican,0,adj.共和的【解】n.共和党人;共和主义者,共和的；共和党人；共和主义者
1560,19,sore,0,adj.痛的，痛苦的，痛心的，难堪的，生气的_n.痛处，疮,痛的；痛处
1561,19,sorrow,0,n.斐误，悲痛,
1562,19,so-called,0,adj.所谓的，号称的,所谓的；号称的
1563,19,spark,0,n.火花，火星，丝毫，一点儿，极微的量,触发
1564,19,sparkle,0,vi.发光，闪污;（才智等)焕发，活跃,发光；闪瓷
1565,19,space,0,n.间隔，距离，空地，余地，空间，太空v留间隔，隔开,空间；太空
1566,19,spacecraft / spaceship,0,n.宇宙飞船,宇宙飞船
1567,19,spacious,0,adj.广阔的，大规模的，宽裕的;广博的,广阔的
1568,20,tie,0,vt.扎，系，捆n.领带，领结；联系，关系，纽带;束缚，约束,领带；关系
1569,20,tide,0,n.潮，淹汐，潮流，趋执,淹；潮流；趋势
1570,20,tidy,0,adj.整洁的，整齐的，有条理的，工整的;（钱)相当大的，可观的vv整理，收拾,整洁的
1571,20,tight,0,adj.紧的，紧身的，装紧的;密封的，不透…的adv紧紧地【解】adj.持据的,紧的；持据的
1572,20,tilt,0,v（（使)倾斜，(使)倾侧n.牌，倾向,（使)倾斜
1573,20,weekday,0,n.平常日，工作日,工作日
1574,20,weekly,0,adj.每周的，一周一次的n.周刊，周报adv每周一次地,每周的；一周一次的；周刊；周报；每周一次地
1575,20,weed,0,n.杂草，野草v除草，(out)清除，淘汰,杂草；淘汰
1576,20,weep,0,vv（wept，wept)为…刁泣，流泪;渗出nm.丑这，眼泪,渗出
1577,20,well-known,0,adj.有名的，著名的,有名的；著名的
1578,20,wet,0,adj.湿的，潮湿的，有两的，多十的v弄湿，沾湿【解】adj.（指人)软弱的，迟钝的_n.软弱或迟钝的人,湿的；软弱的；迟钝的；软弱或迟钝的人
1579,20,ancestor,0,n.祖先，祖宗，先驱;原型,祖先；祖宗
1580,20,ancient,0,adj.古老的，古代的,古老的；古代的
1581,20,and,0,conj.和，与，同，又，而;口语中说数字时，用于百位数与紧跟的数之间;然后，接着；(（用于动词前代替to，表示目的)……为了;（引出说话或提问)那么，于是;（表示结果)结果是，那么，就;（连接相同的词，表示反复或,和；与；又；然后；那么；接连
1582,20,anecdote,0,n.轶事，奇闻,轶事；奇闻
1583,20,angel,0,n.天使,天使
1584,20,angle,0,n.角;角度，观点,角度；观点
1585,20,anger,0,"n.息怨气，老大v使发下,激作",怒；怒火
1586,20,angry,0,adj.愤怒的，生气的;（天气等)恶劣的，狂怒的,愤怒的；生气的
1587,20,ankle,0,n.躁,踩
1588,20,anniversary,0,n.周年，周年纪念日,周年纪念日
1589,20,announce,0,vv宣布，声称;宣布…的到达（（或出席,宣布
1590,20,antenna,0,n.天线，和触角，和触须，直觉，感觉,天线；触角
1591,20,antique,0,adj.古时的，因古老和稀少而珍贵的，旧式的，过时的n.古物，古董；古式，古风,古董
1592,20,bet,0,vv打赌，赌博_n.打赌，赌注,打赌；赌注
1593,20,betray,0,v.背叛，出卖，暴露，流露，泄露,背叛；出卖；流露；泄露
1594,20,better,0,adj.较好的，更好的adv更好地mn.较佳者，较优者v改善，提高;胜过，超过,更好的；更好地；较优者
1595,20,between,0,prep.在（两者)之间adv当中，中间,在（两者)之间；中间
1596,20,beware,0,v（of)当心，遵防,遵防
1597,20,bewilder,0,vt.使迷惑，使糊涂,使迷惑；使糊涂
1598,20,beyond,0,prep.在（或向)…的那边，远于;迟于，晚于;超出（理解、所及或范围等)【解】prep.除…以外,超出
1599,20,cloth,0,n.（一块)布，织物，衣料,布；织物
1600,20,clothe,0,vt.给穿衣，提供衣服,给穿衣；提供衣服
1601,20,clothes,0,n.衣服，服装,衣服；服装
1602,20,clothing,0,n.衣物，(（尤指某种类型的)服装,衣物；服装
1603,20,cloud,0,n.云（状物)，造成不愉快或不明朗的事情【解】v.和毁坏，威胁，使模糊,云(状物)；毁坏；威胁；使模糊
1604,20,cloudy,0,adj.多云的，阴天的;混浊的，模糊的,多云的；模糊的
1605,20,clue,0,n.线索，暗示,线索；暗示
1606,20,clumsy,0,adj.笨拙的，无策略的，无技巧的，制作粗陋的,笨拙的
1607,20,cluster,0,n.（果实、花等的)串，束，艇:(人或物的)群，组vi.从生，群集，聚集,串；艇；群；组
1608,20,clutch,0,v.紧紧抓住n.把握，控制;汽车、机器等的)离合器,紧紧抓住
1609,20,desolate,0,"adj.孤独凄凉的，可怜的，荒芜的，不毛的vt,感到凄凉，使悲惨，使荒鞠",孤独凄凉的；荒芜的；感到凄凉
1610,20,despair,0,n.绝望v(of)对…绝望,绝望；对…绝望
1611,20,desperate,0,adj.绝望的，极其严重的，不顾一切的，拼死的,绝望的；不顾一切的
1612,20,destination,0,n.目的地，终点,目的地；终点
1613,20,destiny,0,n.命运，命中注定的事,命运
1614,20,destruction,0,n.破坏，消灭,破坏
1615,20,destructive,0,adj.破坏性的，毁灭性的,破坏性的；般灭性的
1616,20,engine,0,n.发动机，引擎，火车头,发动机；引擎
1617,20,engineer,0,n.工程师【解】v.设计，建造,工程师；建造
1618,20,engineering,0,mn工程学,工程学
1619,20,enormous,0,adj.巨大的，庞大的,巨大的；庞大的
1620,20,enquire / inquire,0,v.询问，打听,询问；打听
1621,20,enrich,0,Vt.使丰富，充实；使肥沃，使富足,使丰富；充实
1622,20,enrol I,0,v.登记（名字等)，记录;吸收(成员)，招生,登记；招生
1623,20,final,0,adj.最终的，决定性的,最终的；决定性的
1624,20,finally,0,adv（用于列举、引出观点等)最后，最终，终于;决定性地，彻底地,最后；最终；决定性地；彻底地
1625,20,fine,0,adj.哺朗的，美好的;优秀的adv好，妙，蛮不错;精巧v处以罚款n.罚金，罚款,美好的；罚金；罚款
1626,20,finish,0,v.结束，完成nm结尾，末尾，最后阶段,完成；结尾
1627,20,fire,0,n.火，热情，激情;射击，火力v开火，射击;解雇;激起，激发,火；解雇
1628,20,fireman,0,n.消防队员；司炉工，烧火工人,消防队员
1629,20,fireplace,0,n.壁炉,壁炉
1630,20,fiscal,0,adj.财政的;国库的，国家岁入的,财政的；国库的
1631,20,fish,0,"v.猜鱼，的鱼，捞取，掏出，探出n鱼,色关",捕鱼；钓鱼；鱼
1632,20,fisherman,0,n.渔民，渔夫，捕鱼船,渔民
1633,20,inner,0,adj.内部的，里面的，内心的,内部的；里面的；内心的
1634,20,innumerable,0,adj.无数的，数不清的,无数的；数不清的
1635,20,input,0,n.Avt.输入,输入
1636,20,inquiry / enquiry,0,n.询问，打听，调查,询问；打听；调查
1637,20,lecture,0,v（向…)演讲，(给…)讲课n.演讲，讲课,演讲；讲课
1638,20,legacy,0,n.遗赠物，遗产（祖先传下来的)，后遗证,遗赠物；遗产（祖先传下来的)
1639,20,legend,0,n.传说，传奇,传说
1640,20,lend,0,\心借给，贷（款等)；给予，添加，提供,借给；贷（款等)；添加
1641,20,lens,0,n.透镜，镜头,镜头
1642,20,lest,0,conj.唯恐，免得,唯丽；免得
1643,20,poke,0,v.稚，刺，捅，伸出;拨弄_n.捅，惟，刺,惟；刺；捅
1644,20,polar,0,adj.[天]两极的，极地的，正好相反的,极地的；正好相反的
1645,20,pole,0,n.柱，杆;地极，磁极，电极,地极
1646,20,pollute,0,vt.开脏，污染,
1647,20,pollution,0,n.污染,污染
1648,20,pool,0,n.水池，游泳池;一滩，一片;联营，联合投资v集中资源（材料等?,游泳池；集中资源（材料等)
1649,20,remark,0,v(on，upon)评论，议论mn.话语，评论引人注目，显耀,评论
1650,20,remarkable,0,adj.值得注意的，非凡的，卓越的【解】adj.显著的,非凡的；显著的
1651,20,greedy,0,adj.贪吃的，贪禁的，渴望的,贪吃的；贪禁的
1652,20,green,0,"adj.绿的，青的,未熟的，嫩的nm.绿色，蔬菜，植物【解】adj.环保的",绿的；绿色；环保的
1653,20,greenhouse,0,n.温室,温室
1654,20,greet,0,此问候，招呼，对……做出反应;被:感知,对…做出反应
1655,20,greeting,0,n.问候，致敬,问候
1656,21,beast,0,n.兽，竹畜，凶残的人，举止粗野的人,牲畜；凶残的人
1657,21,beat,0,n.殴打，殴击声，节拍，(心脏等)跳动，搏动v打，胡，战有性，打败;(心脏)跳动，搏动,节拍；打；打败
1658,21,before,0,prep.在…前面;在…以前，当着…的面conj.在…之前adv.前面，从前，早些时候,在…前面；在…之前；从前
1659,21,blind,0,adj.里的，言目的vt.使失明;蒙蔽【解】vt（一sbtosth)使失去判断力,言目的；使失明；使失去判断力
1660,21,block,0,n.大块木料（石料、金属)，一排房子，街区;阻塞，障得物vt阻塞，阻碍，封锁,大块木料（石料、金属)；阻塞；阻碍
1661,21,blood,0,n.血（液)；血统，宗族，血气，气质,血（液)
1662,21,bloody,0,adj.流血的，血腥的【解】vt.使流血,流血的；使流血
1663,21,tomb,0,"n.护,冢",坟
1664,21,tongue,0,n.舌，舌头，语言;(动物的)舌，舌肉，舌状物,语言
1665,21,tool,0,n.工具【解】n.方法，手段,工具；方法；手段
1666,21,top,0,adj.最高的。vt.高过，超过，到达…的顶部n.顶（部)，上边，上面;首位，最高位,最高的；顶部)；首位
1667,21,torch,0,n.火炬，火把，手电简,火把
1668,21,torment,0,n.痛苦，苦恼vt.折磨，欺负，虐待，使苦恼,痛苦；折磨
1669,21,torture,0,vt.拷打，找问，折磨，痛苦，牌曲，扭曲n.找打，找问；折磨，痛苦，算曲，曲解,折磨；痛苦
1670,21,torrent,0,n.激流，山洪,激流
1671,21,whole,0,adj.完全的，整体的，全部的_n.全部，全体，完整,完全的；整体的；全部的；全部；全体
1672,21,wholly,0,adv.完全地，全部地，一概,完全地；全部地；一概
1673,21,wholesome,0,adj.健康的，有益于健康的，显示健康的,有益于健康的
1674,21,appal / appall,0,vt.使肖丧，使惊骇,使惊骇
1675,21,apparatus,0,n.器械，设备，仪器，装置;（尤指政府或政党的)机构，组织，器官,器械；仪器；装置
1676,21,appendix,0,n.（pl.appendices)附录，附属物，[医]阑尾,附录
1677,21,appetite,0,n.胃口，食欲，欲望，爱好，要求,食欲；欲望
1678,21,applaud,0,v.鼓掌，喝彩，叫好;称赞，赞成,项掌；称赞
1679,21,applause,0,"n.功党,学声",吉掌
1680,21,appraisal,0,n.评价，估价，鉴定，评定,评价；鉴定；评定
1681,21,approximate,0,adj.近似的，大约的v近似，接近,大约的
1682,21,arbitrary,0,adj.随心所欲的，个人武断的，专断的，任意的,个人武断的；任意的
1683,21,arch,0,n.拱门，妃形结构vv（使)拱起,弓形结构；（使)拱起
1684,21,compact,0,adj.紧密的，坚实的;集中的，紧凑的，袖珍的_n.协定，合同，契约v使紧密结合，把…压实（（或塞紧等),协定；契约
1685,21,companion,0,n.同伴，成双成对的物品之一,同伴
1686,21,company,0,n.公司，商号，陪伴，同伴,公司
1687,21,compartment,0,"n.卧车包房,（客车车厢内的)隔间，分隔的空间",隔间；分隔的空间
1688,21,compass,0,n.指南针，罗盘;（常pl.)圆规【解】n.范畴，界限,指南针；罗盘；范畴；界限
1689,21,compassion,0,n.同情，怜收,同情；怜帆
1690,21,compatible,0,adj.能共处的，合得来的;协调的，兼容的,协调的；兼容的
1691,21,composite,0,adj.合成的，复合的，混成的，集成的n.合成物，混合客车;综合照片;混合式（建筑物),合成物
1692,21,compound,0,n.混合物，化合物v使混合【解】v.使加重，使恶化,化合物；使加重；使恶化
1693,21,compulsory,0,adj.必须做的，义务的,义务的
1694,21,compute,0,v.计算，估计,计算
1695,21,conceal,0,vt.隐藏，隐有瞒，隐项,隐藏；隐瞒
1696,21,concede,0,v.承认某事属实、有效、合理等，将（某物)让出;承认自己输掉（一局、一,承认某事属实、有效、合理等
1697,21,concert,0,音乐会，渍奏会,音乐会
1698,21,concession,0,n.迁就，让步,让步
1699,21,dilemma,0,n.（（进退两难的)窘境，困境,窘境；困境
1700,21,diligent,0,adj.勤奋的，用功的,勤奋的
1701,21,dimension,0,n.维度，尺寸，度量【解】n.方面，范围，规模,方面；范围；规模
1702,21,dine,0,v.吃饭，进餐，请…吃饭，宴请,吃饭；进餐
1703,21,dinosaur,0,n.恐龙，守旧落伍的人;过时落后的东西,恺龙；守旧落伍的人；过时落后的东西
1704,21,dioxide,0,n.二氧化物,二氧化物
1705,21,dip,0,v.浸，芯n.洗澡，泡水【解】v.下降，向下倾斜n.斜坡,下降；向下倾斜；斜坡
1706,21,diploma,0,n.毕业文任，学位证书,毕业文凭；学位证书
1707,21,diplomatic,0,adj.外交的，圆滑的，策略的,外交的
1708,21,direction,0,n.方向，方位指令，说明【解】n.趋势，管理,方向；趋势；管理
1709,21,director,0,n.指导者，负责人，导演,负责人；导演
1710,21,directory,0,n.人名地址录，电话号码本,人名地址录；电话号码本
1711,21,equip,0,vwith)装备，配备【解】v.使能够胜任，使有能力,装备；配备；使能够胜任；使有能力
1712,21,equipment,0,n.设备，器材，装置,设备；器材；装置
1713,21,equity,0,n.（（公司的)股本，资产净值；（公司的)普通股;公平，公正,普通股；公平
1714,21,groan,0,n./v.虽吟【解】v.发牢骚，抱级,发牢骚；抱怨
1715,21,grocer,0,n.食品店，食品杂货商,食品店；食品杂货商
1716,21,grope,0,v.摸索，探索;（企图)狠谈（某人),摸索；探索
1717,21,hobby,0,n.业余爱好，哮好，兴趣,业余爱好
1718,21,hollow,0,adj.空的，空心的，空洞的，空虚的vt.挖空，溺空,空的；空洞的
1719,21,homogeneous,0,adj.同种类的，同性质的，有相同特征的,同种类的；有相同特征的
1720,21,honest,0,adj.诚实的，正直的,诚实的；正直的
1721,21,instal I,0,vt.安装，设置,安装；设置
1722,21,installation,0,"mn安装，设置;装置,设备",设备
1723,21,instalIment,0,n.（（故事分段连载或连播等的)一集;（分期付款的)一期付款,一集
1724,21,instance,0,n.例子，事件，例证,例子
1725,21,instant,0,adj.紧急的，急迫的，立即的，即刻的;(食品)已配制好的，速成的，方便的【解】n.瞬间,立即的；瞬间
1726,21,instantaneous,0,adj.瞬间发生的，即刻的,瞬间发生的；即刻的
1727,21,limb,0,n.肢，辟，腿;大树枝,肢；辟；腿
1728,21,limp,0,adj.软的，松查的，软弱的，无生气的v跨行,软的；松浊的
1729,21,linear,0,adj.线的，直线的，线性的,直线的；线性的
1730,21,linen,0,n.亚麻布，亚麻布制品,亚麻布；亚麻布制品
1731,21,liner,0,n.班机，邮轮,邮轮
1732,21,linger,0,"Vi,逗留，徘徊，延续，慢慢度过【解】vi.花很长时间做（茶事)",逗留；延续；花很长时间做
1733,21,linguistic,0,adj.语言的，语言学的，语言研究的,语言的；语言学的
1734,21,mine,0,n.矿，矿山，矿井v采矿，布雷，(用雷)炸毁,采矿
1735,21,mineral,0,n.和矿物，矿石adj.矿物的，矿质的,矿物；矿物的；矿质的
1736,21,mingle,0,v（使)混合;（使)联合,（使)混合
1737,21,miniature,0,n-缩小的模型，缩图adj.微型的，缩小的,缩小的模型；微型的
1738,21,minimize / -ise,0,v.使减少到最少，使降到最低,使减少到最少；使降到最低
1739,21,minimum,0,n.最低限度，最少量，最低点adj.最低的，最小的,最低限度；最少量；最低的；最小的
1740,21,minister,0,n.部长，大臣【解】n.牧师,部长；大臣；牧师
1741,21,ministry,0,n.（（政府的)部，牧师,部
1742,21,minor,0,adj.（较)小的;（较)少的;（较)不重要的n.副修科目；未成年人viCin)副修某科,（较)小的；（较)不重要的；未成年人
1743,21,minority,0,n.少数，少数派;!少数民族,少数；少数民族
1744,21,minus,0,adj.负的，减的，零下的prep.减去;零下n.负号，减号，负值;缺点，不足,负的；减去；缺点
1745,21,minute,0,adj.微小的，细微的，详细的，细致的,微小的
1746,22,ash,0,n.灰(类),灰(类)
1747,22,ashamed,0,adj.蜥愧的，羞耻的，害腺的,颗愧的，羞耻的
1748,22,ashore,0,adv.向岸，向陆地;在岸上，在陆地上,向岸；在岸上
1749,22,aspect,0,"n.样子，外表，面貌,（问题等的)方面",方面
1750,22,aspire,0,vi(to，after)光望，立志,光望；立志
1751,22,lumber,0,n.木材，木料，废旧家具，无用杂物vV笨重地移动，零乱地堆积在…中，以破烂堆满，迫使负担（职责等),木材；木料
1752,22,lump,0,n.块，小方块，肿块;大量，一大堆v把…归并在一起，把…混为一谈,把…归并在一起
1753,22,lunar,0,adj.月的，月亮的,月亮的
1754,22,lung,0,n.肺，肺部,肺
1755,22,luxury,0,n.奢侈，豪华，奢侈品,奢侈；奢侈品
1756,22,lyric,0,adj.抒情的;吟唱的;为吟唱谱写的_n.(pl.)歌词,抒情的；歌词
1757,22,bracket,0,n.(方)括号,(方)括号
1758,22,brake,0,n.制动（器)，闸，刹车v和刹车,制动（器)；刹车
1759,22,brass,0,n.黄钢，铀器【解】n.厚颜无耻,黄铜；厚颜无耻
1760,22,brave,0,adj.勇敢的，大胆的v冒（风雨，危险等)，勇敢面对，不怕，不顾,勇敢的
1761,22,cosmic,0,adj.宇宙的,宇宙的
1762,22,cost,0,n.成本，费用，代价v（cost，cost)值（多少钱);花费（多少钱);（costed，costed)估算成本,成本；费用；代价；值（多少钱)；花费
1763,22,costume,0,n.服装，服装式样，女套装，女装,服装；女套装
1764,22,cosy / cozy,0,adj.舒适的，安逸的，亲切友好的，自满的，自得的mn.保暖辐,和舒适的；亲切友好的
1765,22,couch,0,n.长沙发，睡椅，长杨，诊察台vv（用某种文体或方式)表达，措秤,长沙发；表达
1766,22,count,0,"v.数，计算，算入，看做，认为n计数;计算,况数",数；计算；算入；看做
1767,22,counter,0,n.柜台adj.相反的，违反的adv相反地v反对，反击【解】v.反阴,柜台；相反地；反驭
1768,22,counterpart,0,n.（职务、性格、作用等)相对应的人或物,（职务、性格、作用等)相对应的人或物
1769,22,country,0,n.国家，郊外，乡村,国家；乡村
1770,22,countryside,0,n.乡下，农村,乡下；农村
1771,22,county,0,n.（（英国的)郡;（美国的)县,和郡；县
1772,22,excitement,0,n.刺激，激动,刺激；激动
1773,22,exclaim,0,v.呼喊，惊叫，大声说,呼喊；惊叫
1774,22,excursion,0,"n.短途旅行，游览,（短期的)涉足，涉猎",短途旅行；涉足
1775,22,excuse,0,vt.原谅，宽恕，免除nm.借口，辩解,借口；辩解
1776,22,exempt,0,adj.免除的，被嘎免的vt.(from)使某人/事免除或秀免n.被免除（义务、责任)的人;免税人,免除的；被豁免的；使某人/事免除或豁免
1777,22,exercise,0,"n.练习，习题，训练，锻炼v和运动,训练，锻炼，行使",练习；训练；锻炼；行使
1778,22,foremost,0,adj.最著名的，最重要的,最著名的；最重要的
1779,22,forgive,0,vt(forgave，forgiven)原谅，饶恕【解】v.免除(某人的债务),原谅；免除
1780,22,forth,0,adv.向前，向外，以后,向前；向外
1781,22,forthcoming,0,adj.即将到来的,即将到来的
1782,22,fortnight,0,n.两星期,两星期
1783,22,hospitality,0,n.（对客人的)友好款待，好客，段勤，气候宜人,好客
1784,22,host,0,n.主人;节目主持人，一大群，许多v主办或主持（某活动)；作为主人招待（某人),主人；一大群；许多；主办或主持（某活动)
1785,22,hostage,0,n.人质,人质
1786,22,hostess,0,n.女主人，女主持人,女主人；女主持人
1787,22,hostile,0,adj.敌人的，敌方的，怀有敌意的，不友好的，反对的，不利的,怀有敌意的
1788,22,hound,0,n.猫犬，儿鄙的人vt.烦扰，纠缠，狩猎,纠缠
1789,22,hover,0,v（指鸟等)划翔，盘旋;(指人)仿短，跨路，留在某事物近旁，(数值)波动n.萌翔，徘徊,得翔；盘旋
1790,22,howl,0,n.（（狗、狼等的)长，啤叫，高声叫喊;（狂风等的)啸鸣v尖声喷叫，大声叫喊;大声哭，吼叫着说出（某事),啤叫；大声叫喊
1791,22,dock,0,n.船坞，码头v（（使船)进港，停靠码头;（使飞船在外层空间)对接，扣除，减少,（使船)进港
1792,22,doctrine,0,"mn教义,教条,学说",教义
1793,22,donate,0,vv捐赠，赠送,捐赠
1794,22,dose,0,n.剂量，一服，一剂vt.(给…)服药,剂量；一剂
1795,22,dot,0,n.点，圆点vt.在…上打点【解】v.遍布,圆点；饥布
1796,22,intimate,0,adj.亲密的，密切的,亲密的；密切的
1797,22,intimidate,0,v.芒吓，威胁（（某人做某事)）,芒吓；威胁
1798,22,intricate,0,adj.错综复杂的，复杂精细的;难理解的，难分析的,错综复杂的
1799,22,intrigue,0,v.搞阴谋交计，激起某人的兴趣或好奇心n.密谋策划，阴谋，秘密安排,激起某人的兴趣或好奇心
1800,22,intrinsic,0,adj.（（指价值或性质)固有的，内在的，本质的,固有的；内在的；本质的
1801,22,intrude,0,v.闻入，侵入，打搅，把观点等强加于他人,打搅；把观点等强加于他人
1802,22,intuition,0,n.直觉,直觉
1803,22,invade,0,\必侵入，侵略，侵害,侵入；侵略
1804,22,invasion,0,n.侵入，侵略，冯入,侵入
1805,22,invalid,0,adj.有病的，伤残的;供病人用的;(法律上)无效的，作废的;（论据、结论)站不住脚的n.病人，病弱者，伤残人,无效的；站不住脚的
1806,22,invaluable,0,adj.非常宝贵的，无价的,非常宝贵的
1807,22,proficiency,0,n.熟练，精通,熟练；精通
1808,22,profile,0,n.侧面（像)，轮廓，印象，形象，概述，简介，传略概述，写简介,形象；概述；简介
1809,22,rip,0,vt.扯破，撕裂n.裂口，裂缝,扯破；据裂
1810,22,ripe,0,adj.成熟的，时机成熟的，做好充分准备的,时机成熟的
1811,22,ritual,0,adj.典礼的，（宗教)仪式的，通常的，习惯的nm.典礼，(宗教)仪式，礼节【解】n.惯例,典礼的，(宗教)仪式的；典礼；(宗教)仪式；惯例
1812,22,roar,0,v.吼叫，怒吼，大声喊，缀鸣，吃哮,吼叫；吃哮
1813,22,roast,0,v.烧，炙，烘【解】v/n.严厉批评，嘲讽n.烤肉;户外烧烤野餐,严厉批评；嘲讽；烤肉；户外烧烤野餐
1814,22,rob,0,vt.（of)抢劫，盗取;非法剥夺,抢劫；非法剥夺
1815,22,robust,0,adj.强健的，结实的，强劲的，稳步的，有说服力的,强健的
1816,22,rock,0,n.岩石，石块vt.使震惊，摇动,岩石；石块；使震惊
1817,22,rod,0,n.杆，棒,杆；棒
1818,22,motion,0,n.动，运动，提议，动议.做手势，点（或摇)头示意,运动
1819,22,motivate,0,vt.做为（某人行为)的动机，激发,做为（某人行为)的动机；激发
1820,22,motive,0,n.动机，目的adj.运动的，发动的，促进的,动机
1821,22,motor,0,n.发动机，电动机【解】adj.有引擎的,发动机；有引擎的
1822,22,mount,0,v.登上[，惧上，安装，镶炭，寝贴，架置，增加，发动,增加；发动
1823,22,mourn,0,v.人悼念，哀悼，翡蛋卓悼，悲悼,哀悼
1824,22,move,0,"v.移动，搬动，迁移，搬家，感动，激励。n.移动，活动,行动",移动；迁移；搬家；行动
1825,22,stiff,0,adj.硬的，价直的;拘谨的，呆板的，艰难的，费劲的【解】adj.激烈的,激烈的
1826,22,still,0,adv.还，仍旧，更，还要，然而，不过adj.静止的，罕静的,还；仍旧；不过；静止的；寂静的
1827,22,sting,0,"vt(stung,stung)刺，束,上町，刺痛;刺激n.刺，丈,叮;灼痛;刺伤力，刺激性【解】n.（警察为抓捕罪犯而设的)圈套诈骗，骗局v[一sb(forsth)]对（某人)敲竹杠",圈套；诈骗；骗局；对；（某人)胡竹杠
1828,22,stitch,0,n.一针，针脚，一点，少许v颖，颖合，缝补,一针；缝合
1829,23,romance,0,n.传奇，爱情故事,传奇；爱情故事
1830,23,romantic,0,adj.浪漫的，传奇式的，不切实际的，好幻想的,浪漫的；不切实际的
1831,23,bounce,0,v.弹起，反弹，[保]解雇，开除，逐出_n.弹，反弹，跳，跃,弹起；解雇；弹
1832,23,bound,0,v.跳跃，弹回n.跳，跳跃adj.被束缚的，受约束的;一定的，必然的，下了决心的，决意;准备到…去的，开往…的,受约束的；一定的；准备到…去的
1833,23,boundary,0,n.分界线，边界,分界线；边界
1834,23,trap,0,n.陷阱，圈套vt诱捕，使中圈套【解】n.困境v陷入（困境),诱捕；使中圈套；困境；陷入（困境)
1835,23,trash,0,n.拙劣的材料，作品等;垃圾，废物v上毁坏，丢弃，贬低，反击,垃圾；废物
1836,23,travel,0,n.旅行v旅行，行进，传播,旅行
1837,23,wooden,0,adj.木制的，呆笨的,木制的；呆笨的
1838,23,work,0,n.工作，劳动，职业;产品，成品，工艺品，著作，作品;工厂，工场,工作；劳动；职业；作品；运转
1839,23,worker,0,n.（（常构成复合词)工作者，人员，雇员，(尤指)劳工，工人;（通常置于形容词后)干活…的人,工作者；雇员；工人
1840,23,workout,0,n.锻炼，训练,锻炼；训练
1841,23,workshop,0,n.车闻，工场，专题讨论会，讲习班,车间
1842,23,as,0,adv.一样，同样conj.像…一样prep.当还是…的时候,同样；像…一样；当还是…的时候
1843,23,ascend,0,v.现登，登上，登高，(渐渐)上升，升高,攀登；上升；升高
1844,23,ascertain,0,vt.查明，弄清，确定,查明；算清
1845,23,ascribe,0,心将……归因（于)，将.…归属（于某人),将……归因（于)
1846,23,cool,0,adj.凉的，凉爽的;冷静的，沉着的v（（使)变凉;（使)冷静,冷静的；（使)变凉
1847,23,cooperate,0,vi(with)合作，协作,合作；协作
1848,23,cooperative,0,adj.合作的，协作的。nm.合作社,合作的；协作的
1849,23,coordinate,0,vt.调节，协调nn.坐标（值),协调
1850,23,cope,0,vi(with)对付，应付:（with)竞争，对抗,对付
1851,23,copy,0,n.副本，复制品;:（一)本，(一)册v仿效，仿制,副本；(一)本；仿效
1852,23,copyright,0,n.版权v获得（书等)的版权【解】adj.受版权保护的,版权；受版权保护的
1853,23,copper,0,n.铜，铜制品，铜币,铜
1854,23,cord,0,"n.掩,过",绳
1855,23,cordial,0,adj.热情友好的，热诚的，真心的，有兴奋作用的，深深感到的,热情友好的
1856,23,core,0,"n.果核,中心;核心【解】adj.核心的，最重要的",中心；核心；核心的；最重要的
1857,23,corn,0,n.玉米，谷物，庄稼,玉米
1858,23,coronavirus,0,n.冠状（形)病毒,冠状（形)病毒
1859,23,correct,0,adj.正确的，恰当的vt.改正，纠正,正确的；改正；纠正
1860,23,correlate,0,v.相互关联，和…相关adj.相关的，关连的nm.相关的人（（物),相互关联
1861,23,correspond,0,vi(to，with)相符合，相称;(to)相当，相类似，通信,相符合
1862,23,correspondence,0,n.通信，信件，符合，一至,通信；信件
1863,23,correspondent,0,n.通信者，通讯员，记者,通讯员；记者
1864,23,corrode,0,v.渐渐)损害，(一点一点地)损伤，腐蚀，侵蚀,腐蚀；侵蚀
1865,23,corrupt,0,adj.晴落的，腐败的，贪赃舞弊的v使哺落，腐蚀，向…行贿【解】v.破坏，损坏,腐败的；腐蚀；破坏；损坏
1866,23,dive,0,vi.潜水，跳水mn.潜水，跳水;俯冲【解】vy/n.（价格、价值等)突然下跌,突然下跌
1867,23,divine,0,adj.神的，神圣的;极好的，可爱的等v猜测，占卜，预测n.神学家，圣职人员，牧师,神的；极好的；猜测
1868,23,divorce,0,n.离婚，离异，断绝关系，分离vt与（某人)离媚;(使)分离，脱离,离婚；与（某人)离婚
1869,23,dizzy,0,adj.头晕目眩的，腕党的，使人眩晕的,眩晕的
1870,23,evoke,0,vt.引起或唤起（感情、记忆等)，产生或引起（回应、反应等),引起或唤起（感情、记忆等)
1871,23,exact,0,adj.确切的，正确的，精确的v要求，强求，迫使,确切的；精确的
1872,23,exceed,0,"V超过,胜过;越出",超过
1873,23,exceedingly,0,adv.极端地，非常,极端地；非常
1874,23,excel,0,v.擅长，胜过过去，超过，优于,擅长；胜过过去
1875,23,except,0,prep.除…之外,除…之外
1876,23,exception,0,n.例外，除外【解】n.例外的事物,例外；例外的事物
1877,23,exceptional,0,adj.极好的，杰出的，例外的，蜡常的，不寻常,例外的；蜡常的
1878,23,excerpt,0,n.一部小说、电影、乐曲等的节录，摘要,一部小说、电影、乐曲等的节录
1879,23,excess,0,"n.超越，超过,过量，过多，过度adj.过量的，过多的，超额的",超过；过量；过多；过度；过量的；过多的；超额的
1880,23,gum,0,n.树胶，胶水;口香糖,树胶；口香糖
1881,23,gun,0,"mn和,赴",枪；炮
1882,23,gut,0,n.（腹腔的)内脏，勇气与决心，胆量，肠，消化道的下段，饭量大的人vt取出内脏，毁坏（建筑物、房间等)的内部adj.本能的，非理性的【解】n.本能,本能
1883,23,interim,0,n.在其间，在其时adj.暂时的，临时的,暂时的；临时的
1884,23,intermediate,0,adj.中间的，居间的，中级的nm.中间体，媒介物,中间的；中级的
1885,23,intermittent,0,adj.间鞭的，断断续续的,间歇的；断断续续的
1886,23,interrupt,0,vt.中断，遮断，阻得;打断（话)，打扰,中断；打断（话)；打扰
1887,23,intersection,0,n.十字路口，交叉点，相交，横断,十字路口
1888,23,interval,0,n.闻隔，间歇，（幕间等)休息,间隔
1889,23,interview,0,履采访，面试n.接见，会见，采访;画坛,采访；面试
1890,23,loyal,0,adj.忠诚的，忠贞的,
1891,23,loyalty,0,n.忠诚，忠心,忠诚；忠心
1892,23,lubricate,0,vt.（使)润滑;使顺畅，促进,（使)润滑；使顺畅
1893,23,luck,0,n.运气，好运，侥幸,运气；好运
1894,23,lucky,0,adj.幸运的，侥幸的,幸运的；侥幸的
1895,23,moist,0,adj.潮湿的，湿润的,潮湿的
1896,23,moisture,0,n.潮湿，湿气，湿度,潮湿；湿气
1897,23,molecule,0,n.分子,分子
1898,23,momentum,0,mn动力，冲力;芝闫;动量,势头
1899,23,monarch,0,n.君主,君主
1900,23,monetary,0,adj.金融的，货币的,金融的；货币的
1901,23,monitor,0,n.（学校的)班长;监测器，监控器v监控，监听，监测，监视,监控器；监控；监视
1902,23,monster,0,n.怪物，妖怪【解】adj.巨大的,怪物；巨大的
1903,23,monument,0,n.纪念碑，纪念馆,纪念碑；纪念馆
1904,23,pride,0,n.自豪，自满，骄做v使自豪，使自夸,自豪；骄傲；使自豪
1905,23,priest,0,n.教士，神父,教士；神父
1906,23,prize,0,n.奖赏，奖金，奖品vt珍视，珍惜,奖赏；奖金；奖品
1907,23,probability,0,n.可能性，概率,可能性；概率
1908,23,probable,0,adj.很可能的，大概的，有希望的,很可能的
1909,24,stoop,0,vi.俯身，弯腰，届尊，届从;自贬，叶落mn.俯身，弯腰,弯腰
1910,24,storm,0,nm风暴，虹风雨，暴风雪，阵发爆发，进发v暴把大发雷霆，猛攻，直搞,暴风十；暴风雪
1911,24,strand,0,n.（线、绳等的)股;绞，缕;（观点、计划、故事等的)部分，方面v使滞留，使搁浅,股；缕；部分；使滞留
1912,24,strange,0,adj.奇怪的，奇异的，陌生的，生玻的,奇怪的；陌生的
1913,24,stranger,0,n.陌生人，生客，外地人，外乡人,陌生人
1914,24,strap,0,n.带，皮带vt.用带子系、扎、捆绑…,带；用带子系、扎、捆绑…
1915,24,straw,0,n.稻草，麦秆;吸管,吸管
1916,24,stream,0,n.小河，溪流，一股，一连串。v.流，消，流出，涌出,小河；一股；一连串
1917,24,streamline,0,v.使（(某物)成流线型，使（某物)效率更高，作用更大,使（某物)效率更高
1918,24,trial,0,n.审讯，试验，考验,审讯；试验
1919,24,triangle,0,n.三角形，三角关系（尤指男女间的),三角形
1920,24,tribe,0,"mn部落，家族;族,类",部落
1921,24,tribute,0,n.贡晶;颂词，称壮，礼物,贡品
1922,24,trick,0,n.诡计，骗局，人花招;技巧，窗门，戏弄，恶作剧.哄骗，坎诈,诡计；骗局；容门；哄骗；坎诈
1923,24,trifle,0,n.琐事，小事；少量，少许v开玩笑，小看;（with)戏弄，玩弄，(away)浪费,琐事；少量；小看
1924,24,trim,0,adj.整齐的，整洁的，苗条的，修长的v整理，修理，装饰，调整，削减n.整齐，整洁，调整，准备;修剪,整齐的；整理；修剪
1925,24,trip,0,V(on，over)绊倒;使失误，使犯错误;(up)使绊倒，使失误，使失败,旅行
1926,24,triple,0,adj.三倍的，三重的，三部分的，三方的v使增至三倍,使增至三倍
1927,24,worldwide,0,adj.全世界的，世界范围的adv遍及世界各地,全世界的；世界范围的；遍及世界各地
1928,24,worm,0,n.虫，里虫，可怜贝，小人物,虫；蠕虫
1929,24,worry,0,vv烦恼，担心，对…感到烦恼，对…发愁nm.烦恼，焦虑，担忧,烦恼；担心；焦虑
1930,24,worse,0,adj.更坏的，更差的adv更坏，更差,更坏的；更差的；更坏；更差
1931,24,wound,0,n.创伤，伤口vt.使受伤，伤害,创伤；使受伤；伤害
1932,24,wrap,0,n.披肩，围巾v包，训;履盖，遗蔽,包；训
1933,24,wreck,0,n.失事，遇难，失事船（或机)，残骸，破坏，毁坏vt.（船等)失事，遇难;破坏，毁坏,失事船（或飞机)；（船等)失事；破坏
1934,24,breast,0,n.胸策，乳房,乳房
1935,24,breath,0,n.呼吸，气息【解】n.迹象,呼吸；气息；迹象
1936,24,breathe,0,"v.略吸,吸入【僻]v.轻声说",呼吸；轻声说
1937,24,breeze,0,n.微风,微风
1938,24,bribe,0,"mm贿赂。v.商一行贿,收买,买通",收买
1939,24,bridge,0,n.桥（梁)，桥牌v架桥，建桥,桥（梁)
1940,24,bright,0,adj.发光的，反光的，明亮的，鲜明的，畏朗的，愉快的，高兴的，美好的adv光明地，明亮地【解】adj.聪明的,明亮的；美好的；聪明的
1941,24,brilliant,0,adj.光辉的，灿烂的，有才华的，卓越的,卓越的
1942,24,bring,0,v.带来，拿来引起，导致【解】v.使处于某种状况,带来；引起；使处于某种状况
1943,24,couple,0,n.（一)对，(一)双;夫妇，情个v连接，结合,夫妇；情侣；结合
1944,24,coupon,0,"mn优待券,订货单，参赛表",优待券
1945,24,courage,0,n.勇气，胆量,勇气；胆量
1946,24,course,0,n.课程，和科目，过程，进程，航线，路线;（一)道菜【解】n.行动方向,课程；进程；航线；(一)道菜；行动方向
1947,24,cow,0,n.母牛（尤指奶牛)，vt.恐吓，使害怕,母牛；丽吓
1948,24,coward,0,n.履夫，胆愤者,避夫；胆导者
1949,24,downtown,0,adv.在（或往)城市的商业区，在市中心adj.城市商业区的，市区的,在市中心；城市商业区的
1950,24,down,0,adv.向下；(to)直到，下降，处于低落状态adj.向下的，下行的prep.顺…而下【解】v.将（某人)打倒,向下；下降；顺…而下；将（某人)打倒
1951,24,downward,0,adv.向下，往下adj.向下的，下坡的,向下；向下的
1952,24,doze,0,vi.打上须睡，打睫儿,打睦睡；打睫儿
1953,24,drag,0,v.拖延，磨蹦【解】n.累浆,昧殉
1954,24,dragon,0,n.龙;凶恶的人，悍妇,龙
1955,24,drain,0,v.慢慢排去，渐渐耗尽，使逐渐消失mn.排水沟，阴沟，流尽，用光,慢慢排去；渐渐耗尽；流尽；用光
1956,24,drastic,0,adj.激烈的，猛烈的，烈性的;严厉的,猛烈的；严厉的
1957,24,draw,0,v(drew，drawn)拉;抽出，拔出;提取;引出，得出，(to，toward)挨近,拉；抽出；拔出；提取；引出；得出
1958,24,a,0,画（画)nm.平局【解】v.吸引,画（画)；吸引
1959,24,drawback,0,n.欠缺，缺点【解】n.不利条件，障碍,缺点；不利和条件，障碍
1960,24,drawer,0,n.开票人，出票人，绘图员，抽屋,抽屠
1961,24,drawing,0,"nm绘图,图样",图样
1962,24,exhibit,0,vt.展出，陈列，表示，显示mn.展览品，陈列品,展出；显示；展览品
1963,24,exhibition,0,n.展览会，陈列，展览,展览会；展览
1964,24,exile,0,"m流放，放逐，充军，长期离国或离家，流亡此放逐某人使充军,发配",流放；流亡
1965,24,exit,0,n.出口，通道，退场，退出vi退出，离去,出口；退场；退出
1966,24,forum,0,n.论坛，讨论会,论坛；讨论会
1967,24,forward,0,adv.向前，前进adj.向前的，前部的，进步的vt.转交，转递,向前；向前的
1968,24,foster,0,\必培养，培育，领养，收养，照顾。nm.养育者，鼓励者【解】vt.促进,培养；促进
1969,24,foul,0,adj.难闻的，污秽的，不愉快的，可怕的;无礼的，充满脏话的，暴风雨的，恶劣的;（指动作)犯规的，不正当的;(指烟向、管道的)不通畅的，阻塞的n.（比赛中的)犯规行为vt.弄胜，污染,难闻的；不愉快的；犯规行为
1970,24,foundation,0,n.基础，根本，地基，基金，基金会,基础；地基；基金会
1971,24,fountain,0,n.朱水，喷泉，源泉,喷泉；源泉
1972,24,fraction,0,n.碎片，小部分，一点儿;分数,小部分；一点儿；分数
1973,24,fracture,0,n.和裂颖，裂痕，骨折_v（（使)折断,裂缝；骨折；（使)折断
1974,24,fragile,0,adj.易受伤害的，易碎的;不强健的，弱的,易受伤害的；弱的
1975,24,fragment,0,n.碎片;片段（书上写的是片断，是个错别字!),碎片；片段
1976,24,fragrant,0,adj.香的，令人愉快的,香的；令人愉快的
1977,24,mortal,0,n.凡人adj.致命的，终有一死的，凡人的，世间的,凡人；终有一死的
1978,24,mortgage,0,vtvn.抵押【（借款),抵押（借款)
1979,24,mosaic,0,n.马赛克;镶嵌体,马赛克；镶嵌体
1980,25,body,0,"n.身体，躯体，躯干，尸体，死尸;（尤指建筑物、书、文章、文件等的)主体，主要部分,物体,天体（恒星、行星等);团体，群体，机构,组织;:（（一)群，批，堆",身体；尸体；主；体；团体；(一)；群；批；堆
1981,25,boot,0,n.辑子（常用复数);（汽车后部的)行李箱;（用作附带评述)而且，另外，加之v独中【解】v.启动（计算机),启动（计算机)
1982,25,booth,0,n.货摊，小隔间，电话亭，投票间，(和餐馆中的)火车座，卡座,货摊
1983,25,boss,0,n.工头，老板，上司v指挥，支配，发号施令,老板；上司
1984,25,botany,0,n.植物学,植物学
1985,25,bottom,0,n.底（部)，基础，海底，河床,底（部)
1986,25,art,0,n.艺术，美术，技术，技艺;文科，人文科学,艺术；美术；技艺；文科；人文科学
1987,25,artery,0,"mn动脉，要道,于线",动脉；于线
1988,25,article,0,n.文章，论文，物品，商品，项目，条款，冠词,文章；论文；物品
1989,25,articulate,0,adj.发音清晰的，善于表达的，有说话能力的vt.清晰地表达,善于表达的；清晰地表达
1990,25,artifact / artefact,0,n.人工制品，手工艺品（尤指有历史或文化价值的?,人工制品；手工艺品
1991,25,artificial,0,adj.人工的，人造的，人为的，矫揉造作的，模拟的，假的,人工的；人造的；假的
1992,25,artist,0,n.艺术家，美术家,艺术家；美术家
1993,25,artistic,0,adj.艺术（家)的，美术（家)的，有艺术技巧的,艺术（家)的；有艺术技巧的
1994,25,disrupt,0,vt.扰乱，破坏，分解。adj.混乱的，瓦解的，中世的【解】vt.使中断,扰乱；使中断
1995,25,dissipate,0,v.消散，驱散，浪费，挥霍,挥霍
1996,25,distance,0,n.距离，间隔,臣离；间隔
1997,25,distant,0,adj.远的，久远的【解】adj.遥远的，远亲的,遥远的；远亲的
1998,25,distill / distil,0,vv蒸馏，提取…的精华，滴下，渗出，凝成水滴,蒸馅；提取…的精华
1999,25,distress,0,n.苦恼，危难;不幸,危难；不幸
2000,25,district,0,n.地区，行政区,地区；行政区
2001,25,disturb,0,vt.扰乱，妨碍,扰乱
2002,25,disturbance,0,n.动乱，了骚乱,动乱；骚乱
2003,25,eve,0,n.（（节日的)前夜，前夕，傍晚，黄昏,前夜；前夕
2004,25,even,0,adv.甚至(…也)，连(…都)v(out/up)使相等，拉平adj.平的，平坦的，双数的，偶数的;均匀的,甚至(…也)；均匀的
2005,25,event,0,n.事件，事情,事件
2006,25,eventually,0,adv.终于，最后,终于；最后
2007,25,ever,0,adv.在任何时候，曾经，总是;究竟,在任何时候；曾经；究竟
2008,25,for,0,prep.往，向，对于，供;达，计，蔡，代表;狗成conj.由于，因为,向；代表；赞成；因为
2009,25,forbid,0,vt.(forbade，forbidden)不许，禁正,不许；禁止
2010,25,forehead,0,n.额，前额,前额
2011,25,foreign,0,adj.外国的，对外的，外交的;外来的，外国产的，异质的;(to)无关的,外国的；外交的
2012,25,a,0,不相干的,
2013,25,foreigner,0,n.外国人,外国人
2014,25,look,0,v.看，望，注视n.看，望，外表，样子，脸色【解】v.好像，显得;（一for)寻找,看；注视；外表；脸色；好像；显得;(一for)寻找
2015,25,loom,0,n.织布机，织机vi.隐现，迫近,织布机；隐现；迫近
2016,25,loop,0,n.圈，环;循环，回路,团；环
2017,25,loose,0,adj.松的，宽松的,松的；宽松的
2018,25,loosen,0,v.放松;解开，松开,放松；解开
2019,25,lord,0,n.上帝，主，领主，君主，贵族,上帝；君主；贵族
2020,25,lorry,0,n.卡车，运货汽车,卡车；运货汽车
2021,25,lottery,0,mn彩票，磁运气的事，难于算计的事,彩票
2022,25,moan,0,n.唱吟声，鸣咽声；不满，牢骚v唱吟，鸣咽，悲叹，哀悼，抱怨,悲叹；抱怨
2023,25,mob,0,n.（（集合名词)暴徒，乌合之众，(盗贼等的)一群vt.成群暴动，聚众滋扰，团团围住某人,暴徒；成群暴动
2024,25,mobile,0,adj.可动的，活动的，运动的,可动的；活动的
2025,25,mobilise / -ize,0,v.动员，调动，鼓动起,调动
2026,25,module,0,n.模数，模块，登月舱，指令舱,模块
2027,25,mould / mold,0,n.模子，铸型v浇铸，造型，塑造【解】n.霉菌,塑造；霉菌
2028,25,pretext,0,n.借口，托词,借口；托词
2029,25,pretty,0,adj.漂亮的，秀丽的adv相当地，颇,漂亮的；相当地
2030,25,prevail,0,vi.流行，盛行，(over，against)占优势，占上风,流行；盛行
2031,25,prevalent,0,adj.流行的，普遍的,流行的；普遍的
2032,25,rhetoric,0,n.华而不实的言语，花言巧语，修辞技巧，修辞（学),华而不实的言语；花言巧语
2033,25,rhythm,0,n.节奏，韵律,节奏；韵律
2034,25,rib,0,n.肋骨，肋状物，罗纹vv嘲笑，逗弄,逗弄
2035,25,ribbon,0,n.级带，丝带，带，带状物【解】n.绥带,绥带
2036,25,rid,0,vt.(of)使摆脱，使去掉,使摆脱；使去掉
2037,25,riddle,0,n.谜，谜语【解】v.使布满宣宁,使布满写作
2038,25,ridge,0,n.岭，山脉，屋将，鼻梁,山脉
2039,25,ridiculous,0,adj.可笑的，荒唐的，荒廖的,可笑的；匾雇的
2040,25,rigid,0,adj.刚性的，坚硬的，严格的，苛严的,严格的
2041,25,rigorous,0,adj.严格的，严厉的，严酷的，严峻的,严格的；严厉的
2042,25,rim,0,n.（（圆物的)边，轮缘，边界,边；边界
2043,25,riot,0,vi.双乱，放纵，挥霍mn暴乱，骚动,骚乱；暴乱
2044,25,static,0,adj.静止的，静态的;不变的停滞的n.静电，静电于扰;抱怨，指责;愤慨,静态的；停滞的；闪电
2045,25,station,0,n.火车站;所，局，站；电台，电视台；身份，地位vt.安置，驻扎,所；局；站；电台；电视台
2046,25,stationary,0,adj.固定的，静止的，非流动的,项止的
2047,25,stationery,0,n.文具，信纸，信答,文具；信纸
2048,25,steak,0,n.（供煎、烤等的)肉，鱼，肉片，鱼片，牛排,（供煎、烤等的)肉；牛排
2049,25,steam,0,"Vv燕发，燕，(千燕汽)行驶n汽,薪",忒；蒸汽
2050,25,steep,0,adj.陡峭的，险峻的【解】adj.急剧的,陡峭的；急剧的
2051,25,stereotype,0,n.模式化的形象，老一套，成见，[印]铅版v对…形成模式化的看法，对…有成见,模式化的形象；成见；对…有成见
2052,25,steward,0,n.乘务员，服务员;管家,管家
2053,25,transcend,0,vt.超越，胜过,超越；胜过
2054,25,transistor,0,n.晶体管，晶体管收音机,晶体管
2055,25,transit,0,mn运输，运送，搬动，载运，通过，经过，通行，过境，中转，交通运输系统,运输；中转
2056,25,transition,0,"n.过渡，转变,变革,变和还",过渡；转变
2057,25,translate,0,v（（使)翻译，把…解释为;（使)转变，变为,（使)翻译；(使)转变
2058,25,transparent,0,adj.透明的，易识破的，显而易见的,透明的
2059,25,intact,0,adj.原封不动的，未受损伤的,原封不动的；未受损伤的
2060,25,interface,0,n.界面，分界面接口;（两学科等的)相接触并相互影响之处,界面
2061,25,interfere,0,vi.（with)妨碍，王扰:(with，in，between)介入，王涉，扰乱,妨碍；于扰；介入；干涉
2062,25,interference,0,n.干涉，王预，介入，无线电信号的干扰,于涉；干预
2063,25,intervene,0,vi.进入，介入;干涉，调停，干扰，阻挠,介入；干涉；调停
2064,25,contemplate,0,v.凝视，注视，打量；冥思（某事物)(尤指一种宗教仪式)，沉思，考虑;盘算，预料，估计,沉思；考虑
2065,25,contrive,0,v.设计，想出，谋划，策划（坏事、恶事)，(一般后接不定式)设法做到,谋划；策划
2066,25,convenience,0,n.便利，方便;便利设备,便利；方便；便利设备
2067,25,convenient,0,adj.便利的，方便的，附近的,便利的；方便的
2068,25,conversation,0,"mn会谈,谈话",
2069,25,conversely,0,adv.相反地,相反地
2070,25,conversion,0,n.变换，转化,变换；转化
2071,25,convert,0,v(to/into)转变，转化,转变；转化
2072,25,convict,0,vt.[律](经审讯)证明…有罪，宣判…有罪，使深感有罪，使服罪,宣判…有罪
2073,25,conviction,0,n.深信，确信；宣告有罪，定罪，服罪,深信；定罪
2074,25,convince,0,vt.（of)使信服，使确信,使信服；使确信
2075,26,lively,0,adj.活泼的，活跃的，棚棚如生的，生动的,活泼的；生动的
2076,26,liver,0,n.肝，肝脏,肝；肝脏
2077,26,living,0,adj.活的，活着的n.生活，生计,活的；活着的；生活；生计
2078,26,loaf,0,vi.游功，闲逛n.一条（（块)面包,游葛；闲壹；一条（块)面包
2079,26,loan,0,n.贷款;借出vt.借出,贷款；借出
2080,26,lobby,0,n.门克，门厅，(会议)休息厅【解】n.游说团体游说,游说团体；游说
2081,26,locomotive,0,n.火车头，机车adj.运动的，移动的，运载的,机车；移动的
2082,26,lodge,0,n.门房，传达室，小屋v住宿，投宿，贸宿,小屋；投宿；究宿
2083,26,lofty,0,adj.（指思想、目标等)高尚的，崇高的;高傲的，骄做的，做慢的;高答的，极高的（不用于指人),崇高的；高做的；高答的
2084,26,log,0,n.原木，木材，航海日志【解】v.登录，记载，伐木,登录；记载；伐木
2085,26,long,0,adj.长的，远的，久的adv长久地，长期地v(for)渴望，极想,长的；长久地；长期地；渴望
2086,26,longitude,0,n.经度,经度
2087,26,discount,0,vt.把(价格、费用等)打折扣，削价出售n.(价格等的)折扣【解】v.不重视,不重视
2088,26,discourage,0,vt.使油气，使失去信心【解】v.阻目,使泄气；使失去信心；阻止
2089,26,discreet,0,adj.小心的，慎重的，有智谋的,慎重的
2090,26,discrete,0,adj.分离的，互不相连的，不相关的,分离的；不相关的
2091,26,discretion,0,n.自行决定的自由，自行决定权，谨慎，慎重，审慎,自行决定权；谨慎
2092,26,discrepancy,0,n.了矛盾，差异，不符，不一臻,差异；不符
2093,26,disguise,0,vt./n.假装，伪装,伪装
2094,26,disgust,0,n.厌恶，反感v使反感，使厌恶,反感；使反感；使厌恶
2095,26,dislike,0,vt./n.不喜欢，厌恶,不喜欢；厌恶
2096,26,dismay,0,n.惊慌，惊收;温丧，灰心vt使惊情;使诅形，使失望,惊慌；浊丧；使泪丧
2097,26,disposal,0,n.处理，处置【解】n.清除,处理；清除
2098,26,dispose,0,v.布置，整理，安排，处理,布置；安排
2099,26,disposition,0,n.性情，素质，气质，意向，倾向安排，处理，支配权，布置,性情；倾向
2100,26,estate,0,n.地产，房地产；遗产【解】n.住宅区，工业区,地产；住宅区；工业区
2101,26,esteem,0,v.习尊重，尊敬，把…看作，认为nm.尊重，看重,尊重；尊敬
2102,26,eternal,0,adj.永恒的，永存的，永久的,永恒的；永久的
2103,26,evacuate,0,沙杖散;撒离,玻散；撤离
2104,26,evade,0,v.心躲开，避开;逃避(责任);回避(答复问题),避开；逃避；回避（答复问题)
2105,26,evaporate,0,v（（使)蒸发，(使)挥发;（使)消失,（使)消失
2106,26,fond,0,adj.（of)喜爱的，爱好的,喜爱的；爱好的
2107,26,fool,0,n.策蛋，傻瓜。v.玩弄，昌大,愚乔
2108,26,foolish,0,adj.愚笨的，昌大的,愚笨的；愚蠢的
2109,26,foot,0,n.(feet)脚，足，底部v走，踏;付账，总计【解】n.英尺,脚；足；英尺
2110,26,footstep,0,n.脚步（声)，足迹,脚步（声)；足迹
2111,26,mist,0,n.落雾【解】n.（常作复数)难以透彻了解的事物,薄雾；难以透彻了解的事物
2112,26,mistake,0,n.错误，过失，误解vt.弄错，误解;(for)把…误以为,错误；过失
2113,26,mistress,0,n.女主人，主妇，情妇，情人,女主人；情妇
2114,26,misunderstand,0,vt.误解，误会,误解；误会
2115,26,nuisance,0,n.讨厌的人或东西;麻烦事【解】n.妨害行为，妨害罪,讨厌的人或东西；麻烦事；妨害行为；妨害罪
2116,26,numb,0,adj.麻木的，失去感觉的vt.使麻木，使失去感觉,麻木的；使麻木
2117,26,numerical,0,"adj.,数字的，用数字表示的",数字的；用数字表示的
2118,26,numerous,0,adj.许多的，众多的，大批的,许多的；众多的
2119,26,nursery,0,n.托儿所，保育室，苗围，繁殖场,托儿所；保育室
2120,26,nurture,0,vt.养育，教养，教育（儿童)，培育，培养（某物)，滋养:扶植(某物);支持n.养(教)育；营养品，照顾，鼓励，支持,养育；培养(某物)；养(教)育
2121,26,nut,0,n.坚果；螺母，螺帽，难题【解】n.傻子，怪人,螺母；余子；怪人
2122,26,nutrition,0,n.营养,营养
2123,26,ought,0,v(to)应当，应该，本应，本当,应该
2124,26,outbreak,0,n.爆发,爆发
2125,26,outdoor,0,adj.室外的，野外的,室外的
2126,26,outfit,0,n.装配，供给,装配
2127,26,outing,0,n.外出，旅行，散步,旅行
2128,26,outskirts,0,n.郊区,郊区
2129,26,outstanding,0,adj.突出的，显著的,显著的
2130,26,retail,0,n.零售,零售
2131,26,retain,0,vt.保留，保持【解】v.继续拥有,保留；保持；继续拥有
2132,26,retention,0,n.保持，保留，记忆力，记性,保持；保留
2133,26,retire,0,"v.退休，引退，撤退，退却，就罕,合胃休",退休
2134,26,retort,0,v.反驭，反击nm.反驱,反驭
2135,26,retreat,0,vin.撤退，退却【解】n.基修期间；静养所,撤退；关修期间；静养所
2136,26,retrieve,0,v.重新得到，恢复，补偿，更正，抒救，想起（忘记的事情)n.找回，恢复，挽回【解】v.检索,检索
2137,26,retrospect,0,n.回顾，追溯v追忆,回顾
2138,26,revolt,0,vv反抗，反叛，违抗nm'反抗，反叛，叛乱,反抗；叛乱
2139,26,revolution,0,n.革命，旋转，转数,革命
2140,26,revolutionary,0,n.革命者adj.革命的，革新的,革命的
2141,26,revolve,0,vt.（使)旋转【解】v.环绕，转动,环绕；转动
2142,26,stalk,0,n.茎，柄，柱，秆，轴【解】v.跟踪，妈气冲冲或趾高气扬地走,跟踪；怒气剖冲或趾高气扬地走
2143,26,stain,0,"V焉污，污染染色。n.污点，污迹,焉并",染色
2144,26,stake,0,n.桩，树桩赌注，利害关系;股份，股本,赌注；利害关系；股本
2145,26,stale,0,adj.（食品等)不新鲜的，走味的:（空气等)污浊的，陈腐的，过时的,不新鲜的；陈腐的
2146,26,stall,0,n.马翌，午售，货摊vv（（使)熄火，(使)停止,货摊
2147,26,staple,0,n.订书钉，主要产品（或商品)，主要成分adj.主要的，大量生产的v用订书钉钉,主要产品（或商品)
2148,26,stamp,0,n.邮票，印，图章，标志，痕迹，踪脚，踩踏。v.盖印，盖章，踪脚，踩踏【解】n.特点，类型,邮票；类型
2149,26,stare,0,vi(at)凝视，盯,凝视；上
2150,26,tragedy,0,n.悲剧，悲惨的事,悲剧；悲惨的事
2151,26,tragic,0,adj.悲剧的，悲惨的，悲哀的,悲惨的
2152,26,tram,0,n.（英)有轨电车,有轨电车
2153,26,bow,0,v.朝躬，点头nm鞠躬，点头;弓（形)，蝴蝶结,弓（形)
2154,26,bowel,0,n.肠;（某处的)最深的或最靠里面的部分，同情心，怜悦心,肠
2155,26,bowl,0,n.碗（（状物)，钴,碗（状物)
2156,26,boycott,0,v（联合起来)抵制，拒绝参加n.联合起来抵制,（联合起来)抵制；拒绝参加
2157,26,contact,0,n.Avt.接触，联系，交往,接触；联系；交往
2158,26,contagious,0,adj.（疾病)接触传染的，患接触传染病的;（感情、态度、行动)富于感染力的，会蔓延的,接触传染的；富于感染；力的
2159,26,contain,0,vv包含，容纳，相当于，折合，控制，抑制（感情等),包含；容纳
2160,26,contaminate,0,v.污染，若污，毒害,污染
2161,26,contingent,0,n.（（志趣相投、尤指来自同一地方的)一组与会者，代表团;（军队的)分遣队，小分队adj.(on/uponsth)依情况而定的,依情况而定的
2162,27,bump,0,v(against，into)碰，撞，颠艇着行进n.碰撞；隆起物，肿胀，肿块,碰；撞；肿块
2163,27,burn,0,n.烧伤，灼伤v(burnt，burnt)燃烧，烧筑，烧伤,燃烧；烧毁
2164,27,burst,0,v_(burst，burst)爆炸，爆裂，突然发生，突然发作nm爆炸，爆发,突然发生；爆发
2165,27,bury,0,v.埋（（硬)，安非;埋藏，遮盖,埋（例)；埋藏；遮盖
2166,27,crime,0,n.罪，罪行,罪行
2167,27,criminal,0,n.罪犯犯人adj.犯罪的，刑事的，不道德的,罪犯；犯罪的
2168,27,cripple,0,n.跨子，伤残人（或动物)vt.使颈，严重削弱,跨子；伤残人【或动物)；使跨
2169,27,crisp,0,adj.脆的，易碎的【解】adj.（（纸张等)挺括的;（指空气、天气)干冷的;（指态度、说话方式等)王脆的v（使)变脆,挺括的；干冷的；干脆的；（使)变脆
2170,27,criterion,0,n.标准,标准
2171,27,crop,0,n.作物，庄稼;（谷类等的)收成;收获量，一批，大量,作物；庄稼；收成；一批；大量
2172,27,cross,0,n.十字架，十字（形)adj.相反的，反向的，易怒的，发怒的v越过，穿过，交又，相交,越过；穿过
2173,27,crow,0,n.乌鸦v鸡啼，鸡叫【解】v(一over)（（因成功等而)自鸣得意,（因成功等而)自鸣得意
2174,27,crowd,0,v.育集，群集，挤满，拥挤nm人群，一群,育集；群集；挤满；人群；一群
2175,27,crown,0,n.王冠，皇冠vt.加冕【解】n.王国,王冠；王国
2176,27,exquisite,0,adj.优美的，精致的，感觉强烈的，剧烈的，微妙的，细腻的,精致的；剧烈的
2177,27,exterior,0,adj.外部的，外面的，外表的,外部的；外表的
2178,27,external,0,adj.外面的，外部的【解】adj.外界的，外来的,外部的；外界的；外来的
2179,27,extra,0,adj.额外的，附加的nm.附加物，额外的东西adv特别地，非常,额外的；附加的
2180,27,extract,0,n.提取物，浓缩物，精华，(from)摘录，选段，引文【解】v.获得（某种感觉或品质),取出；提取；摘录；获得
2181,27,extraordinary,0,adj.非常的，特别的，卓越的，意想不到的,卓越的；意想不到的
2182,27,friendly,0,adj.友好的，友这的,友好的；友谊的
2183,27,friendship,0,n.友谊，友好,友谊；友好
2184,27,fright,0,n.惊吓，恺怖,惊吓；恐怖
2185,27,frighten,0,v.使惊丽,使惊妨
2186,27,fringe,0,n.刘海儿;（外衣、小地毯等的)饰边，流苏；外围，边缘v给（某物)做穗，以穗装饰adj.边缘的，外围的，次要的，附加的,边缘；边缘的
2187,27,frontier,0,"nm国境，边境尖端,新领域",边境；尖端；新领域
2188,27,frost,0,nm赴，错冻，严守,霜冻；严寒
2189,27,frown,0,vi.皱眉:表示不悦（或愤怒、不赞同),皱眉
2190,27,fry,0,v.油煎，油炸,
2191,27,fuel,0,n.燃料【解】v.给……加燃料，加剧,加剧
2192,27,fume,0,v.冒烟，冒气，各;愤怒，大办。n.烟，气，汽,愤怒；烟；气；汽
2193,27,funeral,0,n.形荆，磊礼,硬礼
2194,27,humid,0,adj.湿的，湿气重的,湿的
2195,27,humidity,0,n.湿气，湿度,湿度
2196,27,humiliate,0,v.羞厚，使丢脸，耻辱,郑辱；使丢脸
2197,27,humor / humour,0,n.顷默，该谐,幽默；该谐
2198,27,humorous,0,adj.幽默的，该谐的,幽默的；该谐的
2199,27,hunt,0,"v.打狂，狂取;(for)搜索,寻找n.打猫，猎取;搜寻，寻找",打猎；猪取；搜索；寻找
2200,27,hurl,0,v.用力扔（某物)，猛扑，大声叫唆，叫喊,用力扔（某物)；大声叫唆
2201,27,hurricane,0,n.飓风，狂风,巍风
2202,27,hygiene,0,n.卫生，保健学,卫生
2203,27,hypocrisy,0,n.伪善，虚伪,伪善；虚伪
2204,27,hypothesis,0,n.（（学说的)假说，假设;逻辑的)前提；（（和凭空的)猜想，猜测,假说；假设
2205,27,hysterical,0,adj.情绪异常激动的，鞭斯底里的,情绪异常激动的；歇斯底里的
2206,27,invent,0,v.发明，创造，捏造，虚构,发明；创造；担造；虚构
2207,27,invention,0,n.发明，创造,发明；创造
2208,27,inventory,0,v.列出清单，编入目录，存盘nm.详细目录，清单，存盘，存货,存货
2209,27,inverse,0,adj.相反的，反向的，翻转的，倒转的nm.反数，倒数，相反，凑倒v使倒转，使成反面,相反的；相反
2210,27,invert,0,vt.使反向，使倒转，使题倒,使倒转；使颠倒
2211,27,invitation,0,"n,邀请，招待，请柬",
2212,27,inward,0,adj.向内的，在内的，里面的。adv.向内，在内,在内的；向内
2213,27,oval,0,adj.卵形的，椭圆的mn.卯形，椭圆形,椭圆的；椭圆形
2214,27,overflow,0,v.外溢，外流;泛滥;with)充满，洋溢,外滋；泛滥；充满
2215,27,overhaul,0,n.检修，大修;改造v彻底检修，赶上超过（赛跑对手),检修；改造
2216,27,overhead,0,adj.在头项上的，架空的adv在头顶上【解】n.（（企业的)日常开支,在头顶上；（企业的)日常开支
2217,27,overhear,0,v.偶然听到，偷听到,偶然听到
2218,27,overnight,0,adv.在晚上，在夜里;很快，突然【解】adv.一夜之间,突然；一夜之间
2219,27,overt,0,adj.（常用于名词前)公开的，明显的，不隐瞒的,公开的；明显的
2220,27,overtake,0,vt.赶上，超过，突然来临，突然遭遇,超过；突然来临；突然遭遇
2221,27,overthrow,0,履推翻，打倒，了破坏，毁灭，背齐，摆齐,推翻；打倒
2222,27,overtime,0,n.超时，加班，加班的时间adv超时地,加班；加班的时间
2223,27,prone,0,adj.（指人或其姿势)平卧的，(尤指)俯卧的，(to)易于…的;向前弯曲的【解】adj.（一tosth/todo)倾向于,易于…的；倾向于
2224,27,pronounce,0,v.发音音;宣布，宣判,宣布
2225,27,propagate,0,v.传播，宣传，繁殖，增殖,传播，宣传
2226,27,propaganda,0,"n.（观念的)宣传,信息的)传播，宣传机关，传道",（（观念的)宣传；宣传机关
2227,27,prophet,0,n.预言者，预言家；提倡者,预言家；提倡者
2228,27,roof,0,n.屋项，顶,屋顶；顶
2229,27,rope,0,n.绳，索,绳；索
2230,27,rotate,0,vt.（使)旋转,（使)旋转
2231,27,rot,0,v.腐烂，腐朽，腐化;逐渐误败。n.腐烂，腐坏,腐烂；腐朽；逐渐衰败
2232,27,rotten,0,adj.腐烂的，腐朽的,腐烂的
2233,27,rough,0,adj.粗糙的，粗暴的，粗时的，粗略的，大致的,粗糙的；粗暴的；粗略的；大致的
2234,27,round,0,adj.圆的，球形的prep.围绕adv在周围v绕行，使成圆形n.（一)回合，(一)场【解】adj.满的，完全的,围绕；在周围；满的；完全的
2235,27,roundabout,0,"adj.绕道的,(说话、行事等)绕圈子的，不直接的n.绕行路线;环行交叉，环形交通枢纽",绕道的；绕圈子的
2236,27,rouse,0,vt.惊起，激起，使振奋,激起
2237,27,suite,0,n.(一批)随员;（一套)家具，套房;音乐)组册;（计算机)（软件的)套件,套房
2238,27,sum,0,n.总数，和；金额;算术题v人合计，总计,总数；金额
2239,27,summary,0,n.总结，概要adj.概括的，总结性的，扼要的,总结；概括的
2240,27,summit,0,n.顶峰，高层会议adj.最高级的，政府首脑的,顶峰
2241,27,summon,0,v.避召见，召集，传讯，传唤，(up)使出，鼓起（勇气)，振作（精神),传唤
2242,27,sunrise,0,n.日出,日出
2243,27,sunset,0,n.日落,日落
2244,27,sunshine,0,n.日光，日昭,日光
2245,28,hug,0,vtVn.热烈拥抱，紧抱,紧抱
2246,28,huge,0,adj.巨大的，庞大的,巨大的；庞大的
2247,28,hum,0,v.发出喻喻声，发出喝咽声（尤表示犹玉)；哼曲子，忙碌，活跃，发出臭味n.（（尤指昆虫的)喻喻声，臭味,发出喻喻声；忙碌
2248,28,auction,0,n./vt.拍卖,拍卖
2249,28,audience,0,n.听众，观众，读者，亩见，会见,听众；观众；读者
2250,28,audio,0,adj.音频的，声频的，声音的,音频的；声音的
2251,28,audit,0,n.审计，稽核，查账查账，稽核，审计，旁听（大学课程),审计
2252,28,auditorium,0,n.听众席，观众席;（美)礼堂,礼堂
2253,28,augment,0,v.扩大，增加，提高,扩大；增加；提高
2254,28,aural,0,adj.听觉的，听的,听觉的
2255,28,authentic,0,adj.真实的，可信和的,真实的
2256,28,broad,0,"adj.宽的,广阔的;广大的，广泛的，宽宏的，交达的",宽的；广阔的；广泛的
2257,28,broadcast,0,v.广播（节目)，播送，转播n广播【解】v.使广为传播，散布,广播（节目)，播送；使广为传播，散布
2258,28,bruise,0,n.碰伤，青肿v（使)出现伤痕;（感情)受伤害,（使)出现伤痕;（感情)受伤害
2259,28,brush,0,n.刷子，毛笔，画笔，小冲突，小摩擦【解】n.灌木从v（用刷子)刷，(用毛笔或画笔)写，画;轻触，掠过,小冲突；灌木丛；刷；轻触
2260,28,brutal,0,adj.残酷的，野蛮的，残暴的,野蛮的；残暴的
2261,28,bud,0,"n.菠,花苞vv发天",发菠
2262,28,buffer,0,n.缓冲物，起缓冲作用的人，(铁路的)减震器，缓冲器:（计算机的)缓存区v减缓;保护;保障,缓冲物；起缓冲作用的人；减缓
2263,28,buffet,0,"n.自助餐,(（车站等处的)快餐部，饮食柜台v（（尤指风、雨或海浪)狐烈袭击;（严峻局势)冲击，打击",自助餐；(严峻局势)冲击
2264,28,bug,0,n.昆虫，小虫:（计算机的)故障，漏洞，轻微的疾病，窃听器vt.窃听，使烦恼,昆虫；窃听器；窃听；使贫恼
2265,28,crack,0,"n,和裂缝，缝隙;破裂声，爆裂声v(使)破裂adj,最好的，第一流的，精湛的",缝隙；(使)破裂
2266,28,cradle,0,n.摇篮;发源地,摇篮；发源地
2267,28,craft,0,n.工艺，手艺，说计，手腕，骗术;小船，船，飞机，飞船vv（指用手工)精心制作，周密制订,工艺；手艺；小船；精心制作
2268,28,crash,0,v.碰撞，鞋毁nm.失败，瓦解，撞击声，爆裂声,碰撞；蔡毁；失败
2269,28,crazy,0,adj.疯狂的，古怪的；(about)狂热的，热衷的,疯狂的；狂热的
2270,28,cream,0,n.乳脂，(鲜)奶油乳霜，精华，精借,乳霜；精华；精通
2271,28,creature,0,"n.人,动物，生物",人；动物；生物
2272,28,credentials,0,n.（学历、资历等的)资格;证件,资格；证件
2273,28,crawl,0,vi.忠行，蠕动，缓慢（的)行进nm.疏行，缓慢（的)行进,疏行；缓慢（的)行进
2274,28,creep,0,vi.肘，疏行；（植物)营延【解】vi.不知不觉产生，渐渐出现,雁行；不知不觉产生；渐渐出现
2275,28,crew,0,n.全体乘务员，全体船员（通常单、复数相同)，一群共同工作的人,全体乘务员；全体船员；一群共同工作的人
2276,28,draft,0,n.草稿，草案，草图vt.起草，草拟,草稿；草案；起草；草拟
2277,28,dread,0,v.怕，县惧;厌恶，不愿_n.怕，旦惧,其惧
2278,28,dress,0,n.服装，衣服v穿衣，打扮,服装；穿衣；打扮
2279,28,drift,0,vv漂流，漂泊;随意（或无目的地)移动，随波逐流,村；漂流；随意（或无目的地)移动
2280,28,drill,0,v.练习，操练，钻孔n.练习，操练，钼孔，钻头,钻孔
2281,28,drip,0,v.滴落，漏下nm水滴，滴水声,滴落；漏下；水滴
2282,28,drop,0,"n.滴,点滴;下降;微量v落下,下降;失手落下【解】v.放弃，停止，终目",滴；下降；落下；放弃；停止；终止
2283,28,drone,0,n.无人驾驶飞机(不劳动，依赖他人为生的)寄生虫，游手好闲者，雄峰，（常用单数形式)喻喻声，持续低音（如风笛等发出的持续音)vv（单独使用的动词)喻喻叫，喻喻响,无人驾驶飞机；寄生虫；雄蜂
2284,28,drought,0,n.旱灾，干旱,旱灾；干旱
2285,28,drown,0,"V涵死,淹没",淹没
2286,28,drum,0,n.鼓，鼓状物;圆桶【解】v（一sthup)大力争取(支持、关注等),大力争取(支持、关注等)
2287,28,expedition,0,n.远征（（（队)，探险（队2，旅行，出行,远征（队)；探险（队)
2288,28,expel,0,vt.驱逐，赶走，(from)把…开除,驱逐
2289,28,expend,0,vt(on，in)花费，消费，耗费，用光，耗尽,花费；耗费
2290,28,expenditure,0,n.花费;（时间、人金钱等的)支出，消耗,花费；支出
2291,28,expense,0,n.花费，消费，消耗,花费；消费
2292,28,explanation,0,n.解释，说明,解释，说明
2293,28,explicit,0,adj.详述的，明确的，直言的，坦率的,明确的；直言的
2294,28,explode,0,v（（使)爆炸，(使)爆发【解】v.激增，驱倒，推翻,（使)爆炸；激增；了驭倒；推翻
2295,28,explosion,0,n.爆炸，爆发【解】n.激增;剧变,爆炸；爆发；激增；剧变
2296,28,explosive,0,adj.爆炸（（性)的，爆发（性)的nm.爆炸物，炸药,爆发（性)的
2297,28,frame,0,n.框架，骨架;体制，模式;组织，机构vt.给…加框;制订，拟订;组织，建立,框架；骨架；体制；模式
2298,28,framework,0,"nm.哥框架,结构",构架；框架；结构
2299,28,franchise,0,n.（（公司授予的)特许经销权;（国家授予的)特别经营权，特许，获特许权的商业（或服务)机构;（公民)选举权v授予(出售)特许经销权(或经营权),特许经销权；（公民)选举权
2300,28,frank,0,adj.坦率的，直率的,坦率的；直率的
2301,28,fraud,0,n.坎骗，诈骗，骗子，冒名项蔡者,骗子
2302,28,freedom,0,n.自由，自主,自由
2303,28,freelance,0,adj.自由职业的v从事自由职业adv作为自由职业者,自由职业的；从事自由职业
2304,28,freeze,0,"vt.（froze，frozen)（使)结冰,（使)凝固",（使)结冰；（使)凝固
2305,28,freight,0,"mn货物，货运,运费",货物；货运
2306,28,frequency,0,n.发生率，出现率，重复率频繁，频率，周率,发生率；频繁；频率
2307,28,frequent,0,adj.时常发生的，频繁的v常到，时常出没于,时常发生的；频繁的；常到；时常出没于
2308,28,fresh,0,adj.新的，新鲜的，清新的,新的；新鲜的
2309,28,friction,0,n.摩擦（力)，冲突,摩擦(力)；冲突
2310,28,strife,0,n.斗争，冲突，竞争,冲突；竞争
2311,28,strive,0,v.努力，奋力，力求，斗争，反抗,努力；奋力
2312,28,struggle,0,"vv奋斗，努力，争取，斗争，搏斗;争夺nm,斗争，奋斗，搏斗",奋斗；努力；斗争
2313,28,strip,0,n.狭长条，带状物vv剥去，除去，脱去，抢动，掠夺,狭长条；除去；掠夺
2314,28,stripe,0,n.条纹【解】n.种类,条纹；种类
2315,28,stroke,0,"nm散，打;突然发作，中风;经抚\轻抚,括摸",中风
2316,28,stroll,0,mn漫步，闲考，四处流浪，游水，巡回演出忆闲竹，漫步，在…游水,漫步；闲和逛
2317,28,strong,0,adj.强壮的，强有力的，强烈的，浓的,强壮的；强烈的；浓的
2318,28,stubborn,0,adj.顽固的，偶强的，顽强的，坚持的，难对付的,顽固的；介强的
2319,28,studio,0,n.播音室，录音棚，制片三，画室，摄影室【解】n.（艺术家的)工作室,制片厂；工作室
2320,28,stuff,0,n.原料，材料，物品，东西vt.填满，塞满,材料；物品；东西
2321,28,stumble,0,"v.跌，绊，蹦中,结巴【解】v.偶然发现",偶然发现
2322,28,sturdy,0,adj.强健的，结实的,强健的
2323,28,style,0,n.风格，文体，式样，类型,风格；文体；式样
2324,28,submarine,0,n.潜水艇adj.水底的，海底的,潜水艇；海底的
2325,28,submerge,0,v（（使)浸没，淹没;潜入水中潭灭，掩盖（思想、感情或观点等),（使)浸没；淹没；潜入水中
2326,28,subtract,0,v.减，减去,减去
2327,28,sudden,0,adj.突然的，意外的,
2328,29,tug,0,v.用力拖（或拉)nn.狐拉，牵引，拖,用力拖（或拉)；拖
2329,29,tuition,0,n.学费;（尤指对个人的)教学，讲授，指导,学费；教学；讲授
2330,29,tune,0,n.曲调，曲子，协调，一致vt.(为乐器)调音;调整，调节；使和谐，使一至,曲调；曲子
2331,29,tunnel,0,n.隧洞，山洞,山洞
2332,29,turbine,0,n.汽轮机，涡轮机,涡轮机
2333,29,turkey,0,n.火鸡（肉)，失败，失败的人或事物,失败；失败的人或事物
2334,29,turmoil,0,mn动乱，怠动;混乱;焦上,动乱；焦虑
2335,29,tutor,0,n.家庭教师，指导教师v指导，辅导,家庭教师；指导
2336,29,automatic,0,adj.自动的无意识的，机械的n.自动机械【解】adj.必然的，随之而来,自动的；无意识的；随之而来
2337,29,automation,0,n.自动（化),自动（化)
2338,29,autonomy,0,n.自治,自治
2339,29,avenue,0,n.林荫大道，大街，手段，途径,林荫大道；手段；途径
2340,29,avert,0,vt.挡开，防止，避免，转移（目光、注意力等),防止；避免
2341,29,await,0,vt.等候，期竺,等候；期待
2342,29,awe,0,n.敬旦;惊惧vt.使某人敬苦或惊惧,敬且；使某人敬苦或惊惧
2343,29,awful,0,adj.极度的，极坏的，糟糕的，可怕的;威严的,极度的
2344,29,axe / ax,0,n.和从子，裁减;(被)解雇;倒闭，被停业v大量削减（经费等)；精简（机构等);了砍掉，取消;解雇，开除,大量削减；解雇；开除
2345,29,axis,0,n.轴，轴线，中心线，中枢，轴心（国与国之问的联盟),轴；轴线
2346,29,bulk,0,n.体（容)积;主体，大部分,体（容)积；大部分
2347,29,bully,0,n.其凌弱小者，打手，暴徒v尺吓，坎负;（企图)胁迫某人做某事,坎凌弱小者；芒吓
2348,29,but,0,conj.可是，但是prep.除…外adv只，仅仅，不过,但是；除…外
2349,29,button,0,n.纽扣;按钮开关)_v扣紧，扣上纽扣,按钮开关)
2350,29,buzz,0,n.喻界声，蜂鸭声，别哪吐嘻的谈话声，嘲杂的谈话声;（愉快、兴奋的)强烈情感v发出喻喻声，发出蜂鸣声,喻喻声；蜂鸣声；发出喻喻声
2351,29,by,0,prep.在…旁，靠近;被，由;经，通过;不迟于，到…为止;根据，按照，（表示方法，手段)靠，用adv在近旁，经过,在…旁；通过；不迟于；根据；按照；经过
2352,29,bypass,0,n.（（绕过城市的)旁路，汶道;（心胜、动脉的)分流术，搭桥术，淮通管v经过，绕过;越过;忽视，不请示；置…于不顾,搭桥术；绕过
2353,29,crude,0,adj.粗鲁的，粗野的，简陋的，粗糙的，天然的，未加工的【解】n.原油,粗糙的；天然的；原油
2354,29,cruel,0,adj.残忍的，残酷的,残酷的
2355,29,cruise,0,n.海上航游，乘船游览vi（航船)巡游，中等速度行进,中等速度行进
2356,29,crush,0,n.拥挤的人群，挤压。v.压碎，压坏，压榨,压碎；压坏
2357,29,crust,0,nm铸皮，壳;地过,外皮
2358,29,crystal,0,n.水晶，结晶体adj.水晶的;清澈的，透明的,水晶；结晶体；透明的
2359,29,dull,0,adj.迟钝的，愚笨的，单调的，不锋利的，钝的,单调的
2360,29,dumb,0,adj.哑的，无言的【解】adj.愚剧的,愚歼的
2361,29,dump,0,vt.倾倒，倾卸，处理掉，摆脱;（向国外)倾销，抛售。n.垃圾场，垃圾堆,倾倒；（向国外)倾销；垃圾场
2362,29,duplicate,0,adj.完全一样的，复制的，成对的，两重的n.副本，复制品v复制，重复，使加倍,复制；重复
2363,29,dusk,0,n.傍晚，黄错,傍晚；黄昏
2364,29,dwarf,0,n.矮子，侏侍，矮生植物;（神话中的)有魔法的小矮人vt.（使)变铸小，阻碍生长,（使)变铸小
2365,29,dwell,0,v（（尤指作为常住居民)居住;生活（于)，存在（于),居住
2366,29,dye,0,"mn染料v染,染色",染料
2367,29,dynasty,0,n.朝代,朝代
2368,29,fur,0,n.毛，毛皮,毛；毛皮
2369,29,furnish,0,vt.供应，提供，装设备于（房屋等)，为（房间等)配备家具,供应；提供
2370,29,further,0,adv.更远，更往前;更进一步地adj.更多的，另外的，进一步的，更远的，较远的vt.促进，增进,更远；更往前；更进一步地；更多的
2371,29,furthermore,0,adv.而且，此外,而且；此外
2372,29,fuse,0,n.保险丝，导火线，引信。v.融合，结合，熔合,保险丝；融合
2373,29,fuss,0,n.大惊小怪，忙乱，小题大作。v.过份关心;忧虑，烦恼,大惊小怪；过份关心
2374,29,futile,0,adj.无效的，无用的，徒劳的,无效的；徒劳的
2375,29,iron,0,n.铁;负斗vt.毁衣，甸平【解】n.镰针，坚强，冷酷,铁；镶鲁；坚强；冷酷
2376,29,irony,0,n.反语，反话，有讽刺意味的事，嘲天,反话；有讽刺意味的事
2377,29,irrespective,0,adj.（of)不考虑的，不顾的,不考虑的；不顾的
2378,29,irrigate,0,v.灌溉:冲洗（伤口等)滋润，使清新,
2379,29,irritate,0,\避激怒，使集经，使烦躁，使过敏，使难受,使烦躁
2380,29,isle,0,n.小岛，岛屿。v.使成为岛屿，使隔离，住在岛屿上,岛屿
2381,29,isolate,0,vt.隔离，孤立,隔离；孤立
2382,29,ivory,0,n.象牙（或某些动物的长牙);象牙制品，象牙色，乳白色,象牙；象牙制品；象牙色
2383,29,musical,0,adj.音乐的，音调优美的，悦耳的，喜欢音乐的,音乐的
2384,29,musician,0,n.音乐家，乐师,音乐家；乐师
2385,29,mute,0,"adj.沉默的,无声的_n.哑巴;弱音器vt.减弱…的声音【解】v.减弱，使缓和",减弱；使缓和
2386,29,mutter,0,v.咕电，抱怨,咕电；抱怨
2387,29,owe,0,vt.和欠（（债等)，应向…付出，感激，(to)应归功于,欠【（债等)；应归功于
2388,29,owing,0,adj.欠着的，未付的【解】prep.（一to)由于，因为,由于；因为
2389,29,owner,0,n.物主，所有者,物主；所有者
2390,29,ownership,0,n.所有（（权)，所有制,所有(权)；所有制
2391,29,ozone,0,n.[化]臭氧，新鲜的空气，[比喻]爽心怡神的力量,臭氧
2392,29,prosecute,0,已告发，起诉，继续从事（某事物),起诉
2393,29,prosper,0,v.兴旺，繁荣，昌盛;成功,兴旺；繁荣
2394,29,prosperity,0,n.繁荣，兴旺,繁荣；兴旺
2395,29,prosperous,0,adj.繁荣的，兴旺的,繁荣的；兴旺的
2396,29,protect,0,vt.保护，保卫,保护；保卫
2397,29,protein,0,n.蛋白质,蛋白质
2398,29,protest,0,v/n.抗议，反对,反对
2399,29,prototype,0,n.原型，雏型,原型
2400,29,proud,0,adj.自豪的，得意的,自豪的
2401,29,province,0,n.省，领域，范围，职责,省；领域，范围
2402,29,provision,0,n.供应，提供，给养;准备，了预备，条款，规定;粮食，食物，口粮v为…提供所需物品（尤指食物),提供；准备；条款；规定
2403,29,provoke,0,vt.挑动，激起，导致【解】vt.引发，激怒,激起；引发；激怒
2404,29,royal,0,adj.王室的，皇家的;一流的，高贵的,王室的；皇家的
2405,29,royalty,0,n.皇家，皇族【解】n.（（常用复数)版税,皇族；版税
2406,29,rub,0,v.探，摩探【解】n.(the一)困难，障碍,困难；障碍
2407,29,rubber,0,n.橡胶，橡皮，橡胶制品，胶鞋。adj.橡胶的,橡胶
2408,29,rude,0,adj.粗鲁的，无礼的，狐烈的，残滩的，粗糙的，简陋的,粗鲁的
2409,29,ruin,0,V\必筑灭，毁坏，使破产，使吃落n.毁灭，骨省，上废墟，遗迹,毁灭
2410,29,supermarket,0,n.超级市场,超级市场
2411,29,supersonic,0,adj.超音速的，超音的,超音速的
2412,29,superstition,0,n.迷信【解】n.迷信观念（或思想),迷信；迷信观念（或思想)
2413,29,surrender,0,"vv投降,交出放蛮",投降
2414,29,surround,0,v.包围，环绕,包围；环绕
2415,29,surroundings,0,n.周围的事物，环境,周围的事物；环境
2416,30,cycle,0,v.骑自行车mn.周期，循环,周期；循环
2417,30,cylinder,0,n.圆简，圆柱体，汽佐,圆柱体
2418,30,cube,0,n.立方体，立方,立方体
2419,30,cue,0,n.提示，暗号，信号;榜样,提示；信号
2420,30,cunning,0,adj.狭独的，狭诈的【解】adj.精巧的，巧妙的,儿狂的；精巧的；巧妙的
2421,30,curb,0,n.抑制，控制，马勒，马嚼子vt.防止（某事物)失控，约束;勤住（马),抑制；控制；防止（某事物)失控
2422,30,cure,0,【解】vt.解决n.（解决问题、改善糟糕情况等的)措施,治愈；疗法；解决；措施
2423,30,curl,0,V(使)卷曲，风缩nm本发，卷曲状，卷网,（使)卷曲
2424,30,curriculum,0,mn课程，(学校等的)全部课程,课程；全部课程
2425,30,curse,0,v/n.诅咒，界雪,诅咒；贺骂
2426,30,curve,0,n.曲线，弯曲（物)v.午弯，成曲形,曲线；弯曲（物)；胡弯；成曲形
2427,30,custom,0,n.习惯，风俗，惯例，惠顾，光临，海关，关税,习惯；风俗
2428,30,cyberspace,0,n.计算机空间，网络空间，虚拟现实,网络空间；虚拟现实
2429,30,surface,0,n.表面，外表,表面
2430,30,surge,0,vi（感情)起伏，高涨，油涌，湾涯，浦过来，向前涌,高涨；向前涌
2431,30,surgeon,0,n.外科医生,外科医生
2432,30,surgery,0,n.外科；手术，门诊时间,外科；手术
2433,30,swallow,0,"v.吞，咽;忍受，抑制;（因恐惧等)咽下口水nm吞,咽【解】v.轻信",忍受；轻信
2434,30,swamp,0,n.沼泽，沼地【解】v.渡没,
2435,30,sway,0,vv摇摆，焉，倾斜，动据，影响或改变看法,影响或改变看法
2436,30,sweat,0,n.汗v(sweat/sweated)（使)出汗,汗；（使)出汗
2437,30,sweep,0,v.打扫，拂去，扫过，掠过【解】v.席卷，迅速传播,打扫；扫过；席卷；迅速传播
2438,30,swift,0,adj.快速的，敏捷的,快速的
2439,30,swim,0,v(swam，swum)游泳眩晕;浸，泡nm.游泳,游泳
2440,30,symbol,0,n.符号，标志，象征,符号；标志；象征
2441,30,symmetry,0,"nm对称（性)，匀称，整齐，相等，相当;相似,上仿",对称（性)；相等；相似
2442,30,sympathetic,0,adj.出于同情的，同情的，赞同的，支持的，讨人喜欢的,同情的；赞同的
2443,30,sympathise / -ize,0,vv共鸣，同感，(with)同情，人怜悄【解】v.支持，赞同,支持；赞同
2444,30,sympathy,0,n.同情（心)，感问，意气相投，同感，赞同，支持,同情（心)；赞同；支持
2445,30,symphony,0,n.交响乐（曲),交响乐曲)
2446,30,symposium,0,n.讨论会，专题报告会，专题论文集,讨论会；专题报告会
2447,30,symptom,0,n.症状，征候，征兆,症状；征兆
2448,30,syndrome,0,n.综合症,综合证
2449,30,synthesis,0,"综合,促成",合成
2450,30,synthetic,0,adj.合成的，人造的，假的，非天然的，虚伪的,合成的；人造的
2451,30,much,0,"adj.,许多的，大量的n,许多，大量adv非常，…得多，更加",许多的；大量的；许多；大量；非常
2452,30,mud,0,n.泥，泥浆,
2453,30,mug,0,n.杯子，脸，嘴v行凶抢动，打劫;给…拍照【解】v（（一up)突击式学习,行凶抢劫；突击式学习
2454,30,murder,0,vt/n.谋杀，凶杀,谋杀；凶杀
2455,30,murmur,0,v.小声说（（话)，低声抱怨,低声抱怨
2456,30,multiple,0,adj.多种多样的n.倍数,多种多样的
2457,30,multiply,0,v.乘，使相乘，增加，倍增;繁殖,乘；使相乘
2458,30,multitude,0,n.众多，大量;大众，民众，群众,众多；大量
2459,30,municipal,0,adj.市的，市政的,市政的
2460,30,muscle,0,n.肌肉，体力，力气,肌肉；体力
2461,30,muscular,0,adj.肌内的，肌肉发达的，强健的,肌肉的
2462,30,puff,0,n.一口（气)，一阵（风)Vi轴气，喷气,喘气
2463,30,pull,0,v.拉，拖_n.拉力，牵引力,拉；拖
2464,30,pulse,0,n.脉膊，脉冲【解】v.洋滋着，充满（激情等),脉冲；充满
2465,30,pump,0,n.么。v.用泵抽吸（送)，灌输，大量提供,泵
2466,30,punch,0,n.冲压机，冲床，空孔机。光冲压，穿孔【解】n.重拳击打,重拳击打
2467,30,punctual,0,adj.严守时刻的，准时的，正点的,严守时刻的；准时的
2468,30,punish,0,vt.惩罚，处罚,每罚；处罚
2469,30,puppet,0,n.木偶，侧介,倪偶
2470,30,pure,0,adj.纯的，纯洁的，纯理论的，抽象的，完全的，十足的,纯的；纯洁的；纯理论的；抽象的；完全的
2471,30,purify,0,vt.使纯净，提纯,使纯净；提纯
2472,30,purpose,0,n.目的，意图，用途，效果,目的；意图；用途
2473,30,purse,0,n.（女士用的)钱包,钱包
2474,30,rumour / rumor,0,n.传闻，谣言,传闻；谣言
2475,30,run,0,"v(ran，run)（使)跑,(使)奔，行驶，鸭驶;和运转，开动;蔓延，伸展;n.运行，运转【解】v.刊登，发表n.一段时间;趋势，状况",（使)跑，(使)奔；运转；蔓延；伸展；经营；管理；刊登；发表；一段时间；趋势；状况
2476,30,rural,0,adj.乡村的，农村的,乡村的；农村的
2477,30,rush,0,v.冲，奔;急速行进，赶紧，突袭（某人或某物)n.冲，奔；匆忙，紧张adj.紧急的;繁忙的【解】n.热潮,冲；奔；匆忙
2478,30,rust,0,nm.锈，铁锈;(能力的)荒废，荒琉v生锈，(脑子等)误退，变迟钝,生锈
2479,30,ruthless,0,adj.无情的，残忍的，冷酷的,无情的；残忍的
2480,30,attendant,0,n.服务员，值班员，护理人员【解】adj.伴随的，随之而来的，附带的,伴随的；随之而来的；附带的
2481,30,attorney,0,n.（美)律师【解】n.（业务或法律事务上的)代理人,律师；代理人
2482,30,attract,0,vv吸引，招引，引起（注意等),吸引；引起（注意等)
2483,30,attractive,0,adj.吸引人的，有吸引力的;动人的,有吸引力的
2484,30,bunch,0,n.(一)入，(一)束，(一)串，(一)捆,（一)簇，(一)柬；(一)串；(一)捆
2485,30,bundle,0,n.捆，包，束v胡乱塞进里面【解】n.一大笔钱v额外免费提供（设备等)，匆匆送走,一大笔钱；额外免费提供；匆匆送走
2486,30,burden,0,n.重负，重担,重担
2487,30,bureau,0,n.署，局，司，处,署；局；司；处
2488,30,bureaucracy,0,n.官僚，官僚作风，官僚机构,官僚；官僚机构
2489,30,burglar,0,n.夜盗，窃峰,窃贼
2490,30,troop,0,n.部队，军队;(一)群，(一)队,部队；军队
2491,30,tropic,0,n.回归线【解】n.(theTropics)热带地区,热带地区
2492,30,tropical,0,adj.热带的,
2493,30,troublesome,0,adj.令人烦恼的，讨厌的,令人烦恼的
2494,30,true,0,adj.真实的，真正的，忠实的，忠诚的，正确的,真实的；真正的；正确的
2495,30,trust,0,v.人信任，信赖，有盼望，希望，委托n.信任，人信赖，委托，信托,信任；信赖；委托；信托
2496,30,trunk,0,n.大衣箱，皮箱;树干，躯干，(汽车后部的)行李箱,大衣箱；树干；躯干
2497,30,tube,0,n.管，软管，电子管，显像管，地铁,地铁
2498,30,tuck,0,"Vv卷起严入,藏人;塞进",塞进
2499,30,twin,0,adj.双的，成对的，挛生的，同时出现的，密切相关的n.灰生子，双生子【解】n.一对相似的事物之一,双的；成对的；一对相似的事物之一
2500,30,twinkle,0,n.vi.闪烁，闪耀，闪亮,闪烁；闪亮
2501,30,wrench,0,n.扳手，猛扭，猛拉，扭伤;（离别等的)痛苦，等待v猛扭，猛拧;使扭伤，使痛苦,痛苦；猛扭；使扭伤
2502,30,wrinkle,0,n.皱，皱纹。v.争起，起外【解】n.好主意，好点子,皱纹；好主意；好点子
2503,30,wrist,0,n.腕，腕部，腕关节,腕；腕关节
